categorical_feature_1,categorical_feature_2,numerical_feature_1,numerical_feature_2,target
nan,object_category_8,-1.9671621912946866,0.6360696803127103,0
nan,object_category_0,1.045327089126474,-0.08896237121372505,0
category_6,object_category_7,1.48736735049314,-2.529500028599127,1
nan,object_category_10,0.6503612796088818,0.3283080368953951,0
nan,object_category_1,0.03784989773924349,-2.785883423032062,0
nan,object_category_10,0.5775968665061578,0.07088123639570977,0
nan,object_category_9,0.8958825751876731,-2.088162321240483,1
category_9,object_category_12,0.7674920782756011,-1.3121812262726762,0
category_10,object_category_3,0.4966144717927694,1.626879028675317,0
nan,object_category_14,-0.6002397554979241,0.5067941424464625,0
nan,object_category_3,0.7068253963287843,0.0007720874348857929,1
category_2,object_category_10,-0.8379798985153829,1.7968512573370254,1
category_4,object_category_6,-1.188081548180799,-1.1867329660738162,0
nan,object_category_6,1.2649149764500536,1.7851650991244323,1
nan,object_category_2,0.6545616286655147,0.12489427898792406,1
nan,object_category_14,-0.6874266008413675,-1.2278448709521943,1
nan,object_category_13,-0.4038332896346347,0.22667179259990924,1
nan,object_category_2,-0.3153657839839098,0.21149664670688076,1
category_8,object_category_5,-0.5461911310163876,0.6505116843758504,1
nan,object_category_5,-0.39467899996471856,-1.1158784290116837,0
nan,object_category_14,0.38926839868789387,0.5456946093298055,0
nan,object_category_13,-0.6522036888357893,0.6915906791454456,0
nan,object_category_11,-0.6219608051701198,-1.5261796906949234,0
category_7,object_category_3,2.516709630854194,0.30515866703907935,1
category_10,object_category_14,0.6176163828574539,0.2396488192829529,1
nan,object_category_14,0.7165137671855986,1.1683106667217589,1
category_2,object_category_1,0.045002192785372507,-0.8581838910437062,0
nan,object_category_13,-0.541251683477373,-0.08258613582971823,1
nan,object_category_6,-1.1256976622784862,0.8530827507053449,1
nan,object_category_7,1.0983073837902342,0.30421259516475596,0
category_2,object_category_0,0.3599806139176246,-0.8676268026363269,0
category_13,object_category_5,0.4311318268930923,1.4689586499226985,0
nan,object_category_12,-0.8318769245059631,0.8355988528979769,1
nan,object_category_13,0.46546634777010465,-0.6655881016711925,1
nan,object_category_0,-0.40705735408510657,1.301151997776825,1
nan,object_category_1,1.9181946149291367,-0.9014498945384584,1
nan,object_category_12,-1.153527519021707,0.3894799079939705,1
nan,object_category_14,0.21692093741815083,-0.5298336026171788,1
nan,object_category_10,0.8158705291178864,-0.21108407246958047,1
category_9,object_category_14,0.582553878416312,-0.501254523222316,0
category_14,object_category_7,1.390288054185332,-0.40997219936669604,0
nan,object_category_13,-0.7811548211548734,0.5684152003653948,1
nan,object_category_14,-1.2559211149783642,1.1368549399549022,0
nan,object_category_5,0.003385420005656606,1.2489741918346922,1
category_11,object_category_4,-0.2546149692777806,1.5380060126496593,0
nan,object_category_5,1.11416844418158,-0.5083816268333842,0
category_6,object_category_4,0.7750413884637074,0.2488284202794091,0
category_11,object_category_3,0.1424079725760917,0.8833272784844848,0
nan,object_category_12,-0.07241572078411392,0.09147848833900064,1
category_8,object_category_5,-0.07761172476984896,-0.2159543487461624,1
nan,object_category_11,0.5486364497242793,-0.9049159221313428,0
category_6,object_category_6,-0.660269890879407,0.7601403419158189,1
category_7,object_category_4,-0.2197221378760102,1.7893896166952648,0
nan,object_category_7,-0.7010253501339316,0.9896403508322507,0
nan,object_category_10,0.33640286919522633,2.59834825382344,1
nan,object_category_2,0.16198768397330146,-0.4154384407211386,0
category_7,object_category_9,-1.0979126126379575,0.9661459551768573,1
category_13,object_category_3,-0.5186637173659076,-1.109422426260656,1
nan,object_category_4,0.9244731689482365,1.0474461015556544,0
nan,object_category_7,0.2933731766797667,-0.5175140388621544,0
nan,object_category_9,-1.6983740104953,-0.530716887438839,1
category_0,object_category_4,0.7243374568471508,0.5752999309384745,1
nan,object_category_12,-0.05887699838702805,1.3042783768753272,1
nan,object_category_3,-0.9961854668590314,0.5570283937788367,0
category_5,object_category_4,2.3545565706790423,0.8002613686258073,0
nan,object_category_8,0.6459869526595277,1.3391918733957053,0
nan,object_category_3,0.7706961065852129,0.570125305611117,0
category_6,object_category_5,-0.7473854236361926,-1.3141274099267206,1
nan,object_category_3,1.3811365696275382,0.854580164964194,1
category_8,object_category_8,-1.8943648179648958,0.6986194124369276,1
category_14,object_category_0,0.06460965828141185,-0.32854811658314703,1
nan,object_category_8,-0.869974172363415,-0.8317865277177084,1
nan,object_category_2,-0.1514305974406601,0.8748656629846053,1
category_7,object_category_3,0.4728362491427687,0.05688871662645533,1
nan,object_category_13,0.24887884624500056,-0.20647112833249098,0
category_13,object_category_9,-0.4370218211520009,-0.639545403351837,0
nan,object_category_1,-1.1544619153860465,-0.9318283657399957,0
nan,object_category_4,3.2519094824497135,-0.10656450955852173,0
nan,object_category_12,-1.0547822909438882,-1.0269501316589953,0
nan,object_category_14,0.8380292445726869,-0.2013093061817436,0
nan,object_category_10,-0.04957524993582597,0.052231893482743805,0
nan,object_category_2,-0.6091452793772935,-2.366828335553953,0
nan,object_category_5,-2.2517398260301,0.041749706620047504,0
nan,object_category_3,0.5415817336009533,2.175708209566815,1
category_12,object_category_6,-1.3328117245031672,-0.6606399174290261,1
category_0,object_category_0,0.5706272469572256,-2.3668727014792177,1
nan,object_category_13,-0.0748976405730533,0.844681103898468,1
nan,object_category_10,-0.7538812888473229,0.20908679606047179,1
nan,object_category_0,-0.7384525977972556,-0.7560592026630191,0
nan,object_category_6,0.3038534625745195,-1.1721672282432083,1
nan,object_category_10,0.12315347417547323,-1.4321211670302907,0
nan,object_category_1,-0.3714570696726912,0.23606769941774997,1
category_7,object_category_9,0.3876188322277596,-0.13529785592264104,0
nan,object_category_1,1.5991907674155919,-1.1314285781484639,1
nan,object_category_12,0.6240230304544386,-0.2530802775309943,0
nan,object_category_11,0.49948062897712797,0.7047417692321455,0
category_7,object_category_2,0.2862031843525415,0.055282548334646214,0
category_6,object_category_14,-1.4061822231659875,0.7273256264138387,0
nan,object_category_14,-0.326439798658829,-1.8017416088334768,1
nan,object_category_5,-0.5091913508908545,1.4701209259867944,0
nan,object_category_14,0.655343393167347,-0.9186443737360258,0
category_5,object_category_4,-0.32676326200789513,1.5450584299595718,1
category_11,object_category_7,-0.815066094810899,-0.27322190283575876,0
category_14,object_category_7,1.9216798103409838,1.0465010055928143,0
nan,object_category_6,-0.15737115036427118,2.9347235876834596,1
category_0,object_category_2,-0.6995782114887389,-1.9595047896638909,0
nan,object_category_2,0.5819059836494886,0.07296057301549026,0
nan,object_category_2,-0.9063374974268069,0.4401864266375093,1
category_12,object_category_12,-0.17335424119856108,0.18043986774070356,1
nan,object_category_7,0.5396499474953513,1.4418945767083984,0
category_9,object_category_6,-0.017834584907265572,-0.6474175991137947,1
nan,object_category_13,-0.7049874964013986,1.546387406423285,0
category_13,object_category_3,0.8724272762036019,-0.10955991131743403,0
category_6,object_category_12,1.6139963083648086,-0.24727516100682098,0
nan,object_category_14,-2.8483922500951304,-0.09594345909849673,1
category_2,object_category_12,1.6049608973448004,-0.43133504709728493,1
nan,object_category_9,1.4980414505052333,0.8560574580240153,0
category_7,object_category_0,0.32276067888055743,-0.5196082320360251,1
category_12,object_category_8,-0.9308532426160911,-0.5772754836032759,0
nan,object_category_10,1.2010644048053434,1.6942560164465168,0
nan,object_category_5,0.8931072742096104,-1.2283412951090638,1
nan,object_category_0,0.5276525222345473,0.6065763005581403,0
nan,object_category_12,1.171712704951797,1.5483473816643145,1
nan,object_category_2,-0.5795350763879955,0.529518908836509,0
nan,object_category_12,-0.32025744105853954,-0.41784085931499193,1
category_4,object_category_13,-0.4465698865594441,0.4356833059340441,0
category_6,object_category_8,-0.4823394169229795,1.0235539190003164,1
nan,object_category_4,-0.045256919093959666,1.8469508805083477,0
nan,object_category_3,-0.18969175822442602,-0.2927281827777428,0
nan,object_category_3,-1.1358216150168778,0.7429422012614593,1
category_10,object_category_8,0.8649734220516108,-0.46182389095929266,1
nan,object_category_8,-0.3536149632779734,-0.17632461980580225,0
nan,object_category_6,-0.3680013629943665,-0.6941654943537515,0
nan,object_category_4,-0.23261225846253608,0.47054798594020925,1
category_0,object_category_1,-1.4537819479198066,-0.657865367356103,1
category_7,object_category_1,1.2583244878058424,0.04736357137818073,0
category_0,object_category_8,-0.2754796383838224,2.011340765916697,1
category_13,object_category_4,-0.3263538297033958,-1.6590389656570255,0
category_14,object_category_7,0.06804648242625319,0.8799206443820734,1
nan,object_category_1,0.1384915504624724,0.26446177238355767,0
nan,object_category_10,-0.7402039073888078,-0.9133414020628652,1
category_4,object_category_11,0.7827507634808736,-0.8821348420477274,0
nan,object_category_13,0.817872486173332,3.0217451201685437,0
category_6,object_category_4,-2.192068030064722,0.8922264172361409,0
category_1,object_category_14,-0.4118772764471658,-1.1473055832959511,0
nan,object_category_12,-0.3974420676297327,0.14026033872634894,1
nan,object_category_3,0.5985814389578501,-0.6524064854991118,1
nan,object_category_4,-0.24220130992177638,0.6509191871771073,0
nan,object_category_4,1.1835945494720703,0.7995638636182005,0
category_14,object_category_9,0.35813089907367784,1.321192875394742,1
nan,object_category_9,-1.7211234489184204,-0.058378373917472366,1
nan,object_category_6,1.720752988369694,-0.18868779971881905,0
nan,object_category_14,0.11740084626979039,-1.5020395326567766,1
nan,object_category_9,-0.506609838604131,1.244035190645367,0
nan,object_category_6,-0.2817798252323471,1.9263125474783513,1
category_4,object_category_6,0.6301753942108108,1.097803101120247,1
nan,object_category_0,-0.9725453386973263,-1.0686978714588529,0
category_0,object_category_0,0.34398421638613214,-0.7282013058685809,1
category_5,object_category_3,0.63339482251306,-0.5543126257773674,0
nan,object_category_7,1.2560958055465932,-0.3015573240807911,1
nan,object_category_13,1.0013360554224526,-0.02799637639984063,0
nan,object_category_8,1.197757898102761,-0.46214005813251025,1
nan,object_category_0,0.08187400514624664,1.3481137805166097,1
nan,object_category_14,-0.8305296489390326,-0.9300041201919107,1
nan,object_category_2,0.18577174469147803,-0.2174358844366706,1
nan,object_category_7,-0.3431759767242333,-0.28176408107509915,1
category_5,object_category_0,-0.9885591580915774,1.8355185387794655,1
category_12,object_category_10,1.8299190754392545,-0.8593022481253908,1
nan,object_category_13,-2.492001785798493,-0.7808287113110368,0
category_6,object_category_0,0.6004327793926525,-0.7072434331319765,0
category_14,object_category_11,-1.438032774344709,1.6928716465319815,0
category_12,object_category_5,-0.28509139039277376,1.9710155569450067,0
nan,object_category_9,-0.5888540990908101,-2.6117791174506757,1
category_1,object_category_2,0.6331820532656776,-0.1869807127788471,0
category_11,object_category_9,-1.5968873702575446,0.28439193752353153,1
nan,object_category_3,1.4550216810778145,0.08625922752228778,1
nan,object_category_5,-1.0696460621804307,0.4309162969178886,1
category_3,object_category_2,1.2113892162516229,-0.49147490651035824,0
nan,object_category_1,1.5124063187654657,0.19166121851472306,1
category_5,object_category_8,-0.3973668567738442,-0.20161849213802407,1
nan,object_category_3,-0.9141272937059066,-2.7085946441404043,0
nan,object_category_12,-0.38380490264709904,0.016042143318948897,1
category_7,object_category_14,-0.6126683178656674,-0.3103986590763709,0
category_11,object_category_10,-1.3462258818564243,1.2796371437681588,0
category_3,object_category_5,-0.12764146573110344,-1.1300372771630565,0
category_0,object_category_12,0.6409694813168182,0.1859368638290847,0
nan,object_category_4,0.7650832240173467,-0.8611235672059965,0
nan,object_category_14,-0.2786542939028164,1.0259861858519408,1
nan,object_category_8,-0.4307252736874016,1.4506726379824244,0
nan,object_category_6,-0.2549847860682525,-0.015280645977692605,1
nan,object_category_8,0.47978692493673414,0.1630480747459809,1
nan,object_category_10,0.9657751341486639,0.6419126500429067,0
category_4,object_category_14,-1.398942843830009,-1.7143913542015279,0
category_11,object_category_8,-0.5971277555149636,1.01490426112078,1
category_13,object_category_6,0.6766879515748143,-0.6645723270367078,1
category_8,object_category_11,1.50121325702668,-0.18117714069344834,0
category_2,object_category_11,-0.600960836907027,-0.05842978831116289,1
category_9,object_category_13,-2.80375331457751,1.3083832514905607,1
nan,object_category_10,-0.02526306194255531,-0.16893059109998432,1
category_12,object_category_10,-1.1186865797663548,-0.20522269056434997,0
nan,object_category_7,-1.1048660504564798,0.4496714802973039,0
nan,object_category_10,0.7992407294972096,0.9522966287617036,0
nan,object_category_6,0.1829374354689015,0.7829399705438287,1
category_12,object_category_14,0.6703857243043726,1.254668991210362,1
nan,object_category_12,2.2993384325068207,-1.0354094290069416,0
nan,object_category_13,-0.006783434189237441,-0.1944349507157066,1
category_3,object_category_0,-0.24380573550098916,0.2568435114748148,1
category_8,object_category_1,0.9697069610705961,0.0415167342519539,1
category_1,object_category_13,-0.2538790279555228,-0.0898512075184197,1
nan,object_category_11,-0.5911636360848014,1.0499516595422362,0
category_10,object_category_6,0.9035451423561001,0.5316011022141895,0
nan,object_category_12,-1.4389537180108587,0.8298071183892486,1
nan,object_category_13,0.36611524587018435,-0.25892401537638887,1
nan,object_category_13,-1.1767257531605166,0.6401136175689671,1
category_6,object_category_9,-0.2853963362574726,1.557497194252831,0
nan,object_category_4,-1.3993815681591475,-1.3138572753735858,0
nan,object_category_6,0.15810770410760808,-0.7172277828765061,0
category_3,object_category_0,-0.13165986565921478,-1.345318335082957,1
category_7,object_category_12,-0.6715599574886741,0.41664567640837563,1
category_14,object_category_13,1.5974714823652945,-0.825049010405199,1
category_8,object_category_5,0.293105331882004,-1.3163475366848656,0
category_4,object_category_8,1.1856108722390277,-0.38857126975710754,1
nan,object_category_4,-0.3818515102796066,0.12882582997644948,1
nan,object_category_1,0.21984880937638931,2.1124623900523516,1
category_2,object_category_14,-1.0478451708376728,0.10600847685478575,0
category_10,object_category_1,-0.26417824042201504,0.798323549821506,0
category_1,object_category_2,1.0486622053967778,0.8704437906698547,1
category_2,object_category_7,0.7586482382630642,0.15673005866969308,1
nan,object_category_1,-0.3876886406777312,2.1813160688639535,1
category_8,object_category_11,-1.1000322092758694,-0.27281154789744716,1
nan,object_category_11,-1.930485393906059,0.8563212008893315,0
nan,object_category_5,0.5423758348066061,-0.6877929492048939,0
category_10,object_category_10,-1.6992488201277076,1.0284948101005686,1
category_6,object_category_5,-0.39167805827548663,-1.2556954822322661,1
category_9,object_category_14,1.2120685669806186,-0.39325533834244897,0
nan,object_category_4,1.905029231679504,1.0839297618362886,0
category_4,object_category_6,-0.33074320084958186,0.18258987388139125,1
nan,object_category_4,0.26554974648299595,-0.055095225330567765,1
category_8,object_category_10,-0.3943558435627233,-0.3293418130050653,1
nan,object_category_14,-0.07545000313501135,0.6758934347049607,1
category_9,object_category_1,-1.0872539607610314,0.6431848561057283,0
category_14,object_category_0,-0.3039239661165575,1.8769680843466054,0
category_8,object_category_7,-0.14600893315910862,-0.3919236023869568,0
nan,object_category_12,1.148798868194898,0.5017782618936697,0
category_11,object_category_5,0.5562925350593607,-0.0824899151177562,0
nan,object_category_10,-0.9672406187543211,-0.25475943720601396,1
category_1,object_category_4,0.6763937733485632,1.1676807363713742,0
nan,object_category_5,1.482583478209603,0.3223842842266054,0
nan,object_category_5,2.279915516606438,1.0423564550521471,1
nan,object_category_1,1.3274147127729818,0.7267683511887262,0
nan,object_category_8,-2.3176825022339957,-0.18631097968623495,1
category_9,object_category_11,-1.1106549067534652,0.46903867729362,0
category_8,object_category_9,0.9575216393571392,-0.5098207716518649,1
nan,object_category_13,-1.4119336868308114,-0.20011476752492569,1
nan,object_category_14,-0.8676795143307243,0.5973641666554284,0
nan,object_category_11,-1.6073154213055731,0.3222589459447943,1
category_10,object_category_1,0.9341861786670779,0.825777874383307,1
category_10,object_category_4,0.330884043293533,1.9215778973493016,0
nan,object_category_7,-0.322373762715312,0.384699275539973,0
nan,object_category_3,0.8439715301293474,-1.01034427582892,1
nan,object_category_8,-1.6263546358266776,0.23202489953490094,1
nan,object_category_3,-0.7784137636055911,0.4535705444200937,1
nan,object_category_7,-0.896753167687064,-0.6608454186171598,1
category_6,object_category_14,1.5038053657335175,-0.6966267701091267,0
category_9,object_category_0,0.404618497317354,-0.7119304816051218,0
category_0,object_category_2,0.7686248734468476,0.23928276463545387,1
nan,object_category_0,0.687360191150019,0.9335942543855565,0
category_13,object_category_4,0.9680852244010769,-0.46693505348626424,0
nan,object_category_3,1.1901645075072669,1.0746293109043379,0
nan,object_category_10,0.05684872539576818,-1.0502328032589883,1
nan,object_category_7,0.4440588128878307,-0.9139205937621458,1
category_10,object_category_10,1.9625958984822598,0.32764153723375744,0
nan,object_category_1,1.0438396538289787,-0.042668670913310315,1
category_0,object_category_1,0.3202199681904858,-0.9657902568976297,1
category_10,object_category_9,0.14996330187697396,0.1596149676609086,0
category_8,object_category_6,-0.6494385468210565,0.14833408824272543,0
nan,object_category_6,-0.2470603790819739,0.16516063165949996,1
nan,object_category_3,3.0662642034884353,0.4404144884689245,0
nan,object_category_8,0.7432933162596527,0.948622808266652,1
nan,object_category_10,-0.061293405322982615,-1.760638850246457,1
nan,object_category_7,-0.41760428515742476,0.048438469702019794,0
nan,object_category_14,1.5239808634440397,-0.1422894170216322,0
nan,object_category_14,2.276652558914103,-0.5279483595282445,0
category_0,object_category_7,0.17939973820702787,1.7634010819778403,1
nan,object_category_10,-1.2557525291699119,-0.5565674987205551,0
category_5,object_category_9,1.162009140964129,-1.0289994116221486,1
nan,object_category_8,-1.455082553928654,0.5490202541420772,0
nan,object_category_10,-0.1533063435333542,-1.3398721199310808,1
category_10,object_category_7,-1.6689161761067757,-0.6424501306552378,1
nan,object_category_3,-0.3778260910254955,0.13364942009075326,0
nan,object_category_11,-0.4595853557941328,0.6886812411360631,1
nan,object_category_9,-0.2686732461349446,0.38578140120805604,1
category_9,object_category_14,-0.6457901216055526,-0.6283527865844983,1
category_8,object_category_14,0.6357469768268462,0.49192200280911913,1
category_11,object_category_11,0.2539281652558033,0.9282413364569536,0
nan,object_category_3,-0.4265437276295397,-0.0837162021945702,0
category_12,object_category_14,0.08001971912425779,-0.170035687854175,0
category_0,object_category_4,1.1995941112394746,0.2940044557324785,1
nan,object_category_11,-1.2936384619746488,-1.3152670894605432,0
category_12,object_category_9,1.2442670944312988,2.438050835933247,0
nan,object_category_3,-1.8019187408746615,1.0207319180454124,0
nan,object_category_8,-0.13049456154683886,0.05878787897770608,0
category_7,object_category_4,0.09335895709557858,0.29928109581054463,1
category_14,object_category_10,-0.6580934059533253,2.6738028162223633,0
category_8,object_category_8,-1.8055437153885112,0.39487788256785283,1
nan,object_category_5,2.092840484907801,-0.2815432467702769,1
category_8,object_category_4,0.9008606948230494,-0.2408291976308228,0
nan,object_category_10,0.6339091804847108,-2.324599408891815,0
category_4,object_category_13,0.9719133790981709,-0.5759994889560551,1
nan,object_category_12,-0.05132949269192471,-0.6209968420890115,1
nan,object_category_7,-0.693771794610419,-1.0058190053205003,1
nan,object_category_7,-0.4915645144568367,-2.0592320323086253,0
category_3,object_category_10,0.30510385449550426,0.8825454971598962,0
nan,object_category_1,0.05732341103924604,0.5699501315118076,1
nan,object_category_10,1.4692239027499419,-0.187600631857114,0
category_14,object_category_0,-0.3933584303357763,-0.2010743132174072,0
category_14,object_category_4,-1.1895477836514767,0.7397683936865762,1
category_3,object_category_10,-1.0176395996849876,-0.7192529656726829,1
category_4,object_category_3,0.1054084318376554,0.26493165113568085,0
nan,object_category_7,1.0861925030553345,-0.04139377949150572,1
category_0,object_category_14,-0.5230840592787064,-0.854603188357966,0
nan,object_category_4,-0.4254478506050745,1.7119889504655699,0
category_11,object_category_5,0.39523566416580475,-0.08326395245710881,1
category_5,object_category_13,0.9172305575698445,-0.006100463438347526,1
category_4,object_category_4,0.5231015806687601,0.21301159168068523,0
category_13,object_category_10,-0.007788125393692197,1.9557511721288054,0
nan,object_category_9,-0.713205103440274,0.21099365750466503,1
nan,object_category_8,-0.8465522753776321,-1.7299395473906791,0
nan,object_category_8,-1.5631575572306236,-1.14260451703212,0
nan,object_category_3,0.9400437674286596,-0.6727179680244639,1
nan,object_category_3,-0.34929882484958436,-1.1707150689112593,0
nan,object_category_7,1.742701673788266,-0.5255912307994095,1
nan,object_category_4,-0.7054758071821677,1.0983507365672034,0
nan,object_category_11,-1.0303353533081872,-0.9867356569937151,1
nan,object_category_14,-0.22179165317806931,-0.2271629928697947,1
category_6,object_category_0,1.0475106559463763,1.7167664426883076,1
category_5,object_category_4,0.45170085947349087,-0.12160417514152053,0
category_8,object_category_14,0.15165917896908324,-1.411880555072101,0
nan,object_category_12,-0.14431040201548329,-0.9396739749961389,1
nan,object_category_9,-0.8593821657190103,-0.5807710896031398,0
nan,object_category_8,0.28734647668973157,0.5215396136980857,0
nan,object_category_7,-1.9564503738131058,-1.8787345876236463,0
nan,object_category_9,0.8663992579939214,-0.9298000933516977,1
category_13,object_category_0,-0.49902665478684294,0.9688683189169536,0
nan,object_category_10,0.42725138295158016,0.14552391236621162,1
nan,object_category_2,-0.6134842699056107,0.20874068669904552,0
category_9,object_category_4,-0.7836464369382521,-0.05183856534251159,0
category_4,object_category_12,-0.7605438091049671,-0.6178596627863131,0
nan,object_category_12,-1.6791351188504093,0.8847130001759927,1
category_2,object_category_7,-1.1537956286318054,0.6828073888528213,1
nan,object_category_8,-1.0182129910047943,0.5214945128698797,0
category_7,object_category_12,-0.2385767911350147,0.7784492335306706,0
nan,object_category_2,0.2682406270722651,-0.12446573098759087,0
nan,object_category_14,0.07812239382103138,-0.4274102470897769,1
nan,object_category_14,-0.29710827672507123,0.8070308306083269,1
nan,object_category_4,2.2343927199737785,1.0104927006838473,1
nan,object_category_11,0.949585879576593,-0.06543659097489539,1
category_1,object_category_11,-1.6669227552142032,-1.0293829712195635,1
nan,object_category_11,1.751188150496877,-0.48350790182210224,0
nan,object_category_13,-0.7766622275842181,0.01083244711228146,1
nan,object_category_14,-0.18324463697013757,0.30741019790552887,1
nan,object_category_4,1.0839794811251586,-1.0841050056359993,0
nan,object_category_5,-0.4777320813851514,0.048915911109401286,1
category_13,object_category_9,-0.3995914150565808,-0.4751686098700506,1
nan,object_category_4,1.0578883920226627,0.6320226925336002,0
nan,object_category_11,-0.09741274496386478,-0.2449378757261594,1
category_7,object_category_10,0.958178414370409,0.05473607695836411,0
nan,object_category_11,-0.5274287779597389,2.168471228052071,0
category_10,object_category_7,-0.044570165699438995,0.3217404819687766,0
nan,object_category_10,-0.931597227522682,0.015069582303059994,1
category_2,object_category_9,0.04944014981369242,-2.692343101092851,0
nan,object_category_0,-1.1305869650797808,0.0032799049106495256,0
nan,object_category_14,1.976446458734875,-0.6905682370983768,1
category_1,object_category_1,0.02738521128016635,-0.621231434864088,1
category_12,object_category_3,-0.4463910471070978,0.8085718427471837,0
category_7,object_category_4,0.1653664188653773,1.2028235744767701,1
nan,object_category_13,-0.7400495634931203,0.30174990904375415,1
category_10,object_category_10,0.017384073580611007,0.5907173619205054,0
category_6,object_category_12,-0.22934662637457703,1.7311189436654315,1
nan,object_category_6,-0.5245651680185377,1.1163103711427376,0
category_1,object_category_5,0.536978073761822,-0.8259843613910833,1
nan,object_category_2,-0.06666666535030034,0.0754223540588495,1
nan,object_category_11,0.6880954176725704,1.2884245323522714,1
nan,object_category_11,-0.899534897225115,-0.5727031504877996,1
nan,object_category_6,-0.07212336966820329,0.8661818949547334,1
nan,object_category_9,0.3421395704543691,0.12981142558612963,0
category_4,object_category_12,0.717562443482384,0.3369246904131619,1
nan,object_category_14,-0.0683689754617051,0.8161396576352117,1
category_6,object_category_9,1.158530495429502,-1.0032231837013978,0
nan,object_category_6,0.07311016237209865,0.2184786818205363,0
category_6,object_category_0,1.748728947795153,-1.9649665898695345,1
nan,object_category_10,0.3327946250756587,1.4812993711457454,0
nan,object_category_7,0.6729880662568004,-1.6439058594358715,1
nan,object_category_5,0.2517853830654014,1.6149307051120705,1
category_5,object_category_7,-0.5950854976306728,0.5539602067187989,0
category_5,object_category_0,0.7761301002383717,-0.180219615610285,0
category_11,object_category_12,1.4293256007664503,0.33691071397871536,1
category_2,object_category_10,0.2593172662823112,-0.31388574986328616,1
nan,object_category_11,0.2287755537415013,-0.006900481695070013,1
nan,object_category_12,0.9975303981079391,-0.5728946989476169,0
nan,object_category_13,0.3416725334966632,-0.8439597701699346,1
category_10,object_category_5,-1.4819433947744889,-0.6586412019251726,1
nan,object_category_14,-0.02195253050958223,2.35806121276175,1
nan,object_category_6,-0.5355111031153929,-1.3888454018360896,0
nan,object_category_11,-0.7227116713669993,0.8212249267726722,1
category_13,object_category_4,0.46315550213312595,1.3096523663029065,0
nan,object_category_8,0.7244460963915282,-1.9697334069038344,1
nan,object_category_7,-0.2276897665209562,0.17213170559125685,0
nan,object_category_13,-1.2358813769410242,0.7029407574381561,1
nan,object_category_13,0.33300713593637715,0.37045086954558826,0
nan,object_category_13,1.7946552003018714,0.703634090517926,1
category_3,object_category_1,-0.6308946865270411,-0.7983713242016356,1
category_4,object_category_4,1.9111171925403538,-2.605801607388526,0
nan,object_category_1,0.6451150842062551,-1.6904026682965714,0
nan,object_category_7,-0.3516565890012668,0.07729000413247776,1
nan,object_category_6,1.4912447332325216,1.3078024361304859,1
category_14,object_category_8,1.192922924349283,-1.09245926508351,1
nan,object_category_9,1.7379301391427004,0.5103167095033421,1
nan,object_category_10,0.8616084363158585,-0.2619710713306877,0
nan,object_category_2,0.23373651216178024,0.1901387100267379,0
nan,object_category_10,-0.7053769453377335,-0.2038960389706503,0
nan,object_category_11,0.5180240834627036,-0.5198483761396149,1
nan,object_category_1,-0.5160033808233931,-0.5076776770665318,0
nan,object_category_6,-0.5044882724264848,-0.33012140043144556,0
nan,object_category_4,-0.34855915174886165,1.042744553919575,0
nan,object_category_10,-1.0072445239111796,-0.14169233599666428,1
nan,object_category_3,-0.43764285805500625,0.828823823777333,1
nan,object_category_6,0.4153104462077113,-1.1137908951304627,1
nan,object_category_6,0.8070505012196575,1.8232726779606352,0
nan,object_category_7,-0.25475351526601814,0.5955833081751932,0
category_6,object_category_8,0.7049037829531534,1.5113442123467662,0
category_10,object_category_5,-0.5371859410106846,-1.052432882775373,0
category_0,object_category_12,1.0000041252913683,-1.0465667781368766,1
nan,object_category_11,0.14004848130738112,0.9769664441931891,1
category_3,object_category_0,0.3415666853920335,-0.7361344185061438,1
nan,object_category_3,-1.2313739260665633,1.227873594816662,0
category_1,object_category_1,1.246736246591935,1.3261857779551547,1
category_14,object_category_13,-0.5094130121315025,-1.3367813541802889,0
category_12,object_category_10,0.5162479031496375,-0.22880802068552128,0
category_2,object_category_1,-0.32901526001243325,0.6981059718694341,0
nan,object_category_4,0.9119562159880427,1.290664910248342,0
nan,object_category_2,0.3743608489931913,-0.5855651935937023,1
category_10,object_category_3,-1.022727204715176,0.2753344170181291,0
category_2,object_category_2,-1.8923525298414097,-0.06321463231012465,1
nan,object_category_9,1.211744664566014,0.9405923539835608,0
nan,object_category_0,1.342724268334965,-0.18272937580685752,0
category_4,object_category_3,0.4662515741503658,0.2966137537859056,1
nan,object_category_6,-0.4837981054721252,1.1112587736150126,0
category_10,object_category_13,0.7081845858181546,-1.3198455626156358,0
category_4,object_category_8,-1.5003658423872193,0.3823048210643164,1
category_3,object_category_3,0.2709585373930277,1.4032587685580176,0
nan,object_category_11,0.19761919649515994,0.512610659046697,0
nan,object_category_10,-0.5702726931372605,-1.070819313503558,0
nan,object_category_13,-1.2588892704902268,0.5488627568480904,0
nan,object_category_0,0.4475218103374357,-0.042401454328255775,0
nan,object_category_4,0.23993196760989957,1.0632303080468553,0
category_10,object_category_2,0.03518224344002017,0.4214733401713923,1
category_0,object_category_7,-0.2116712142373326,2.0668668857606796,0
category_0,object_category_10,1.8800799402203965,0.6205429030210028,1
nan,object_category_13,1.4454955710325992,0.2001292682767519,0
category_13,object_category_14,-0.4012798595080349,0.8251353505886869,0
category_4,object_category_3,0.22859712149921232,-0.4423196604977256,0
category_5,object_category_14,0.7297702349344533,0.8397495687842308,0
category_13,object_category_11,-0.22047012276730685,-0.6614372886503412,1
nan,object_category_10,0.9137190310081524,-0.3872941983537414,1
category_3,object_category_4,-0.07636277181371684,-2.0001876597519694,1
category_11,object_category_6,1.2240151701729516,-0.8497131671882052,0
nan,object_category_3,-1.2397070219199784,0.5284368730236383,1
category_14,object_category_12,1.6738599070273075,-0.5128091545044815,1
nan,object_category_1,0.19307890755020923,-0.8218931760001225,0
category_14,object_category_14,-0.046636189403846694,-0.027188179566570096,1
category_12,object_category_13,-0.8331280217240223,-0.3306051703092924,1
nan,object_category_10,0.9310622149846814,-0.8628295821638553,1
nan,object_category_11,1.0260578765646788,-0.45695237121023413,0
nan,object_category_7,-1.028694388574953,-0.32370731116805024,0
nan,object_category_4,-0.1413539743657251,0.005847875775473013,0
nan,object_category_3,1.641664966377491,-0.016079974185041014,0
category_10,object_category_2,-2.3376909762389064,-2.6415630028780606,0
nan,object_category_2,-0.1215174804022225,1.290507762137913,0
nan,object_category_6,0.8405447845930016,-0.30342888313107086,0
nan,object_category_5,1.7738332723126071,0.3066551426447873,1
nan,object_category_3,-0.6246579853716097,-0.8002002456210597,0
nan,object_category_1,0.353671091104429,0.8030232756250056,0
nan,object_category_8,-0.37827610282942553,-0.7005400489172414,0
nan,object_category_14,-0.05602657290837722,0.9773611234343773,0
nan,object_category_14,-2.4877624227078816,1.257796391298719,1
nan,object_category_11,0.3462603327342891,-0.8711711129377508,1
nan,object_category_12,-1.767410271371655,2.1104867079023673,0
nan,object_category_11,1.5966164853308276,1.831296842758633,0
nan,object_category_7,0.6188588774846825,0.18562721369186858,1
nan,object_category_13,-0.9516774101305936,-0.22382134021391656,1
category_0,object_category_9,0.258962494544558,-0.6298350704018265,1
nan,object_category_8,-0.41715857776963183,0.6619525302135457,0
nan,object_category_6,1.3275602986062227,-0.07737317131225033,0
nan,object_category_13,-0.6226516956488926,-0.284014608112741,1
nan,object_category_7,0.23991501224044456,-0.4403211251264455,1
nan,object_category_6,-2.4438394017566742,-0.9442367118304438,0
category_11,object_category_4,-0.9649856734017819,1.7127470619765437,0
category_12,object_category_5,2.1211313821992404,0.1961158181090408,1
nan,object_category_3,0.5848219716329698,0.19749735667470655,0
category_11,object_category_14,1.8879866288879157,-0.09426415532508021,0
nan,object_category_3,-0.6050134166152413,0.4361261907905279,1
category_3,object_category_5,0.3813403061114143,1.0069894322263575,1
nan,object_category_5,-1.3470274404050582,0.8079407736593798,0
nan,object_category_12,-0.19062742120265655,2.0525304507007625,0
nan,object_category_6,0.2750989327615373,-0.5104083899521997,1
category_14,object_category_8,-0.78820213632405,0.8136223201885423,0
nan,object_category_5,-0.28206484903382106,1.2515747098703387,1
nan,object_category_5,-0.25837490347237546,-0.3451095875217474,1
nan,object_category_2,1.8111333785947474,-1.1542031260783243,1
nan,object_category_10,0.0416211006387055,2.2898718271900447,0
category_13,object_category_11,0.5490831996960654,-0.48544285973548607,1
nan,object_category_7,-0.28374357257845534,1.1498984817752305,0
category_3,object_category_9,-0.3071607292693485,1.8458969748004737,1
nan,object_category_1,-0.8231499220138622,-0.5235546390163587,0
category_11,object_category_2,0.2341596477946962,0.01637643523757461,0
nan,object_category_10,1.1804761698810817,-0.5778417290462451,1
category_6,object_category_13,0.31143347158387114,-1.698198008364392,1
nan,object_category_9,0.002937347693676646,-0.7896561928535675,0
nan,object_category_6,0.029833289430445654,-0.8312204581688606,1
nan,object_category_10,0.20130770072317164,-0.9614397584460849,1
category_12,object_category_12,-1.0717123366048047,1.2483147433699682,0
nan,object_category_2,0.04483814651654996,0.32771677456292486,1
nan,object_category_4,-0.5338344879276402,-0.9216597976570945,0
nan,object_category_4,0.4908344977365424,0.24927605567153432,0
nan,object_category_8,-1.4938996413409138,-2.226800186002444,1
category_12,object_category_6,0.7711629063404023,0.4220557207451128,0
nan,object_category_3,2.0659116845382384,-1.8833230106958774,1
category_11,object_category_5,-1.1721714342279692,0.8919559991029605,0
nan,object_category_10,1.4132431623125414,0.05619552317789129,0
category_5,object_category_12,-0.028036983454678407,0.6895447987401787,1
category_6,object_category_1,-0.7949098437904705,-1.598515754674013,0
nan,object_category_6,0.5071761263699985,0.14906292458319134,1
nan,object_category_1,0.38050969116536626,0.190092998587419,1
nan,object_category_13,1.0740549234523231,-0.2906821244708835,1
nan,object_category_3,0.9142460731992501,2.027331445659895,0
category_0,object_category_11,1.3052512250662014,-0.5962106316535095,1
category_4,object_category_1,1.5685591419149525,0.5213595000044133,0
category_12,object_category_7,0.28626881892444705,-0.16278063211780155,0
nan,object_category_10,0.7168662736813964,-0.9397859590761032,1
nan,object_category_12,-0.7449741101031372,-0.42098685717391954,1
nan,object_category_3,0.5063876422188821,-0.9117681034956592,1
nan,object_category_9,-0.95802888921364,-0.9325526181008023,0
category_11,object_category_5,-0.11869792544962705,-2.8795917109857907,1
category_13,object_category_8,1.9313793200684095,-1.3855777499401203,1
category_13,object_category_11,0.014880509112361537,-0.2129190028307179,1
nan,object_category_5,-0.25931603946353154,0.052906073149463786,0
category_10,object_category_1,0.8500245960716625,-0.12674383210307916,1
nan,object_category_12,0.9533533364624218,2.9465828451608562,1
nan,object_category_14,0.6330170366692317,-0.5795730629042892,1
category_8,object_category_2,0.46856766540300393,-1.2853956359687295,1
category_9,object_category_4,0.11133151334448302,0.7600541318317329,0
nan,object_category_12,-1.0986967565523684,0.10898992872413935,0
category_13,object_category_8,0.7229614135875515,-1.84342820649668,1
nan,object_category_4,1.0710933771101459,-0.4073992255016913,0
category_1,object_category_10,-0.384098342764416,-0.09465003512617354,1
category_3,object_category_1,-0.05700418502195628,-0.21648842174710828,0
nan,object_category_7,-0.3214825155951021,0.6200567885864858,0
nan,object_category_10,0.059645275266470656,0.8319898699603626,1
category_0,object_category_3,0.6059892922272588,0.862651363287231,1
nan,object_category_12,-1.1884656714286876,0.6161891798414937,1
category_8,object_category_14,0.46643690290675904,-0.5264990500058729,1
nan,object_category_8,-0.5120899870604098,2.250912821403948,0
nan,object_category_0,-1.0493254213381238,-0.2892790074678198,0
nan,object_category_3,0.47046179976413566,1.3794715608702761,0
nan,object_category_2,0.37705314210330027,1.3710902777758698,1
nan,object_category_9,0.24667426123827843,-0.7650585163209808,0
nan,object_category_1,-0.7844918437670051,-0.5041413891488044,0
nan,object_category_10,1.4823510340474975,0.1238642418842546,0
nan,object_category_2,-0.5788829101745079,-1.9586384056110773,1
category_1,object_category_13,0.46509765171184986,0.04954585291926879,1
nan,object_category_9,0.5316671180383544,0.5249646990873106,0
category_0,object_category_10,-0.6465703410825612,0.6590499487000074,1
category_6,object_category_2,0.563449059844113,0.4821659123296461,0
nan,object_category_3,2.0196873984832586,-0.37602793360451675,0
nan,object_category_4,-0.3540519644455466,-1.9718981723974098,0
nan,object_category_2,-0.3672125253606865,-0.0648963347923177,1
nan,object_category_14,0.041731693643399556,-1.379853261762651,1
nan,object_category_3,-1.2425149864576828,-1.4397224468661107,0
nan,object_category_5,-1.330814326601222,-1.4419793406806554,1
category_10,object_category_0,0.578074827789268,-1.1312847093198448,0
nan,object_category_9,-0.4271324191270503,-0.7526639549276428,1
category_2,object_category_1,1.3771606750969694,1.500290828819742,1
nan,object_category_10,1.1365724044713645,0.577412999292864,1
category_13,object_category_7,0.059543467312211884,-1.299199584833436,0
nan,object_category_2,-1.0400865200403528,-1.8782258606712885,1
category_12,object_category_2,0.29937632192225316,0.15026789432918658,0
category_3,object_category_0,-0.20208583938372524,0.3168644821309432,0
category_3,object_category_14,-0.2126953728431372,0.19837356062620737,1
category_11,object_category_5,0.26549265092196495,0.11484631263273035,1
nan,object_category_2,0.055383066082054816,-0.46623332536701595,0
category_10,object_category_14,-0.3050800271318717,0.05999080479893807,1
nan,object_category_5,-0.5674848206289778,1.727814816154594,1
nan,object_category_0,0.6353632155823249,0.5234514964988788,1
nan,object_category_3,0.18800083939540355,-1.2869038957281251,1
nan,object_category_12,-0.10011992891028039,-0.7135905488863333,1
category_9,object_category_12,1.6757066224680892,-0.38998725225949044,0
nan,object_category_5,0.3514723494949066,-1.8235253123186492,1
category_3,object_category_5,0.45550464462355317,0.06774809555233537,0
nan,object_category_3,0.6890739461426816,-0.42712190417351387,0
category_13,object_category_2,0.5129933977986774,0.2087054419270617,0
nan,object_category_14,-0.17088389275755023,-2.259352594353995,0
category_4,object_category_9,-0.9701685977663348,-0.5299218133321152,0
nan,object_category_10,1.2981821207454847,-1.2942562691579764,1
category_0,object_category_14,0.10105607050187576,0.4151218912981203,1
nan,object_category_5,1.2859015104453002,-0.3589331814223234,1
category_6,object_category_14,2.047922886076707,0.2946570692038492,1
category_13,object_category_10,-0.2184648773931813,-0.9647071003571829,1
nan,object_category_7,-1.3809714445696988,0.15750181872236738,1
nan,object_category_10,1.3162362555738611,0.8186896987484741,0
category_8,object_category_8,0.443347340037379,1.0162729658920882,0
nan,object_category_13,1.9033412500881266,0.6354565761220815,1
category_9,object_category_14,-0.8750320270197987,0.2595145165757572,0
nan,object_category_1,0.5613817731793586,-0.709407580835909,0
category_5,object_category_12,1.796521387060465,0.6804518885650337,1
category_12,object_category_14,-0.011706422588291542,0.696163664632906,1
nan,object_category_10,-0.043694843679426776,0.7197780200791613,1
nan,object_category_6,-1.2258778580753962,0.6339470828058874,1
nan,object_category_13,0.28340779037328834,-0.48896762523650017,0
nan,object_category_13,-2.216075513350808,0.19729952710433318,1
category_10,object_category_6,0.1911406545833311,0.9432722547605781,1
nan,object_category_9,0.285453488882908,-0.21800070283287712,0
nan,object_category_11,-0.38409645106356016,-0.24287529876580893,0
category_6,object_category_4,1.240554813711697,1.6940667270215983,1
nan,object_category_0,0.3668905585944661,-0.8982399609258086,1
nan,object_category_10,1.1985127459919502,-0.8920222063206977,0
category_6,object_category_14,-1.7647116890242276,-0.6727043472863945,1
category_5,object_category_5,0.3726702195635059,0.018336448902256396,1
nan,object_category_12,0.9941462546666695,0.08850952478673317,0
category_9,object_category_5,0.27168686607159853,0.10768718241925887,1
nan,object_category_3,0.886791678142518,0.8789828520546004,1
category_7,object_category_3,0.530668689764376,-0.8889630058347704,1
category_8,object_category_1,-2.040985263682224,0.7297921380281698,1
nan,object_category_8,-0.5861563973507801,-0.5771549159151469,1
nan,object_category_13,-0.48204340747558194,1.0715678548648089,1
nan,object_category_10,1.6436451535600254,-0.9138466644654634,0
nan,object_category_14,0.019324378074549096,1.9413443923980382,0
category_10,object_category_14,0.48355185854400656,-0.5829647081977044,1
nan,object_category_11,-0.2551648061531822,-0.36199559120521724,1
category_13,object_category_5,-0.31907967481379257,0.033597191429854865,1
category_0,object_category_12,0.28656415175540384,-1.6325154845937064,1
category_12,object_category_1,1.06230363052898,0.9105064395333832,1
category_3,object_category_12,-0.6289555724878981,0.6094708837348215,1
nan,object_category_12,0.32449065160807844,1.4925741205267025,1
category_10,object_category_12,-1.0842485334547758,-0.4059798297247356,1
nan,object_category_8,0.8344473647313222,-0.5272448475699091,1
nan,object_category_9,0.6568224417466965,1.5775146405238971,0
nan,object_category_9,-0.15640348177099211,-0.3133909910977379,1
nan,object_category_12,-1.5766914104533154,-0.47045111098750836,0
category_9,object_category_12,0.49916789360140057,-0.00966087750254324,0
nan,object_category_11,-1.036941041154565,-0.021438703680092094,0
nan,object_category_6,1.3252128476583407,-0.483660614981098,0
nan,object_category_11,0.3710226675006318,1.1581280311181683,0
nan,object_category_11,-0.4862057069937728,-1.2398757189955156,0
nan,object_category_0,0.7740820532933944,1.306346880045673,0
nan,object_category_8,-1.876760162335897,0.23969368577644096,1
category_12,object_category_3,0.28931177470912584,1.0752462009411263,0
category_5,object_category_7,-2.2016639291527555,0.6951723932577714,0
nan,object_category_6,0.5050395643631745,2.1491782182962855,1
nan,object_category_8,0.9730079001200742,0.42442159287246345,1
category_10,object_category_4,-0.32230632695034417,0.49738408696764536,0
category_8,object_category_14,-1.8747116288995211,0.002139915433743455,0
category_8,object_category_7,0.46257571537455866,-0.08847234703366473,0
nan,object_category_4,0.039296316779940325,-0.6591390841866651,1
category_5,object_category_10,-0.5153648965191729,0.6749586454606958,0
nan,object_category_3,-0.6602381698090567,-0.7405051304085799,0
category_14,object_category_6,0.27960118200024636,1.2185857212298878,0
nan,object_category_11,-0.165972806388243,1.278042484970913,0
nan,object_category_10,0.11646239031555766,0.01559788038259487,0
nan,object_category_13,-0.6611530763790757,1.1746967349618502,1
nan,object_category_12,1.4810487690413865,0.17048944859356258,0
category_7,object_category_7,-0.37244401517162806,0.49241358695639365,0
nan,object_category_9,-0.2678650606677722,0.2752683809765878,0
nan,object_category_4,-1.0169889484037102,0.8443948520696728,1
nan,object_category_2,0.5213878080069415,2.0493532826508662,0
nan,object_category_12,-0.22420041054015263,0.5094904309469803,0
category_7,object_category_7,-0.13656800290947094,0.5584357331046492,1
category_0,object_category_13,0.7222507366188735,1.672342219257882,0
nan,object_category_2,-0.407730848084193,0.5272456011698213,1
nan,object_category_10,1.3040124197383445,0.23994531196764085,0
category_1,object_category_8,-0.4029315242838325,0.15100117442486607,0
nan,object_category_3,0.9191619244321564,0.39101345537914955,0
nan,object_category_0,-0.07819187565172234,0.4194272593817996,0
category_9,object_category_6,-0.8119307744325566,-0.6022440371933505,0
nan,object_category_3,-0.6253737152435298,0.938744721764487,1
category_5,object_category_11,1.5099409986902463,-0.6949047192056063,0
nan,object_category_11,1.3446661256818995,0.8292860422662647,1
category_4,object_category_8,-0.8605871330586596,-0.341617861572464,0
nan,object_category_14,0.4030798917434604,-0.22345300258287035,1
category_0,object_category_11,0.8258287542363179,0.20276310468674522,0
nan,object_category_5,0.6817560037330209,2.0124774697014858,0
nan,object_category_10,-0.676337326496927,-0.8792714122278076,1
nan,object_category_2,0.08751988505519176,-0.26580685175485597,1
nan,object_category_2,-1.7943785603720106,0.2750059409111602,0
nan,object_category_9,0.7026946172229863,0.8940901123258053,0
nan,object_category_12,-0.1332041787593352,0.9481033082509023,1
category_11,object_category_11,0.9590022920421234,1.5477878506467464,1
nan,object_category_2,0.3178580175147024,-1.2531372659985134,0
nan,object_category_13,-0.6270636254488243,-1.1764843943490122,0
category_6,object_category_0,0.5514165160789268,0.43019437515388664,1
category_4,object_category_2,-0.9771887577765062,-0.7044790763330786,1
nan,object_category_5,0.45006515797332763,0.9812582445031378,1
nan,object_category_4,0.47826107705045323,-0.2296715286788029,0
nan,object_category_11,1.6014925317669058,-1.2845201935320507,0
nan,object_category_2,-1.601844578586946,1.2347780893471558,0
category_11,object_category_12,0.4610012340201145,0.786063044547651,0
category_9,object_category_11,0.5054330259192437,1.210335079000591,1
nan,object_category_2,0.19590375250140044,-0.7609061738171369,0
category_11,object_category_13,0.4962873656300821,0.170665384829811,1
nan,object_category_12,-0.15972513152797072,-0.6066799152673712,0
nan,object_category_5,-0.2374122332569281,-0.25778274833497555,1
nan,object_category_7,1.4908769558992034,-0.23632628942763997,0
nan,object_category_0,-2.3008109906727485,0.25259374286395503,1
category_9,object_category_3,0.9931067450348322,-1.2839725089549034,0
category_3,object_category_2,-0.17097179912834823,2.5807354936400553,0
nan,object_category_0,-1.5313054813552247,-1.1338892008963828,1
nan,object_category_9,1.3884305252221623,-1.2023283159551914,1
category_12,object_category_0,-2.819581733048252,0.34732293650346646,0
category_1,object_category_9,-0.04884886895974203,-0.4786662999082582,1
nan,object_category_6,-0.2818565124782677,-0.24754334372939546,0
nan,object_category_6,-0.7547223411351884,0.7665156413349791,1
nan,object_category_4,0.9194069787902341,1.4256747458783323,0
nan,object_category_13,-0.6828166657153085,-0.3663204472299386,0
nan,object_category_7,-1.1427638375706617,-1.1771693811040755,1
nan,object_category_6,-0.9524782094941316,0.42487685986653917,0
nan,object_category_0,-0.4143743667045155,-0.6637518765044101,0
nan,object_category_5,0.5566472190974319,-2.7882858301323763,1
nan,object_category_1,-1.6565674116732352,1.5921052602598684,0
category_11,object_category_11,0.547309529359846,-0.855861543034608,1
nan,object_category_13,-0.961074846191886,-0.1870403107133158,1
category_7,object_category_9,0.527467617499513,0.38269494991431563,0
category_8,object_category_13,-1.028692946593957,1.3895304923352951,1
category_6,object_category_14,-0.313851221662632,-0.04113031227380346,0
category_7,object_category_8,-0.9420698084020316,-1.4322208822017133,0
nan,object_category_12,1.1751773152271727,-1.9782754341887354,0
nan,object_category_2,-0.3521036918199275,-0.7946126781193689,1
nan,object_category_7,1.226797789510673,1.120661493378949,1
category_3,object_category_8,-0.5018201984669662,-0.02810531783713939,1
category_9,object_category_2,-0.4559350000097515,0.17246466251787415,1
nan,object_category_1,-0.02772107821514439,0.13110132032613558,0
nan,object_category_1,-1.0650131870177588,0.30150611538970884,1
category_4,object_category_6,-0.48631208337120396,2.315944079729491,0
nan,object_category_11,1.01878582067683,-1.071100208078946,0
nan,object_category_2,-0.8302571532668497,0.7374287244751426,0
nan,object_category_3,0.9760098818772204,1.1155865810485568,0
category_1,object_category_14,0.30272222003372107,0.3339691342857553,1
nan,object_category_5,-0.31744024646410257,-1.2536409117912402,0
category_10,object_category_9,-0.7095337904982884,0.5656838786835728,0
category_9,object_category_14,0.24544740679070104,-0.2521549772123163,1
nan,object_category_0,-1.781507598281982,-0.19924718693509133,1
category_3,object_category_11,-0.7628109584926996,-0.17715523179948411,1
nan,object_category_13,-0.2557713238992728,-0.180347223453306,1
nan,object_category_7,2.5618035823036376,0.4946894743956448,1
nan,object_category_7,-1.2980365904547302,0.12577576005533048,0
nan,object_category_13,0.6935727130454884,-0.9465124556483209,1
category_7,object_category_11,1.3093124318187914,1.0535528554109093,0
nan,object_category_2,1.1756375135345418,-0.8419954709067826,0
nan,object_category_3,1.4022629590763456,-1.486717854948099,1
nan,object_category_14,0.9814016977067709,-0.7048833937879105,0
nan,object_category_9,-0.032617061324776354,0.832040311642733,1
category_6,object_category_10,-0.10091086125199289,1.286029779337057,0
nan,object_category_8,0.7585178131089728,0.9519147017009305,1
category_1,object_category_2,1.1733103047611184,-0.7193580928691187,1
category_12,object_category_0,0.42980321658374515,-0.20405290444738078,1
nan,object_category_10,0.44786045270270186,0.9664030127371085,0
nan,object_category_9,0.9134461627503387,-1.2864625153404758,1
nan,object_category_3,-0.433419296434493,-0.10905490596065076,0
category_12,object_category_4,-0.8832525939535908,1.3472252055652907,0
nan,object_category_9,0.873933306966463,0.7921188663805062,0
category_4,object_category_12,-0.4745396501622012,0.8519847995057014,1
category_9,object_category_5,-0.340517203527414,-0.3571023704445332,0
nan,object_category_5,0.3823731345083247,-0.9799472610987556,1
nan,object_category_9,0.35826402288645404,0.886536010007174,1
nan,object_category_3,0.574157237729953,0.21771676655688207,0
nan,object_category_8,-0.46418916967278734,-1.406419537954023,1
category_9,object_category_7,-0.08436118242011362,-1.5445314262918166,0
nan,object_category_6,-1.0328633207081286,-2.415118961101811,1
nan,object_category_4,-0.8774464929706624,1.5118608176745678,0
nan,object_category_8,-0.17889478067463657,1.1595282544074375,1
nan,object_category_6,1.4517803515434466,1.2537372370259405,1
nan,object_category_14,-0.08419672928066992,0.5002842416733335,0
category_10,object_category_14,-0.30994779629518354,-1.421164299444111,0
category_9,object_category_4,1.074528113046102,0.3981283708358271,1
nan,object_category_3,-0.2849730547957822,-0.15319871532406729,1
nan,object_category_2,-0.7701636041143105,-0.1997353216515706,1
category_7,object_category_1,0.5305380311199563,-0.5961768641699358,0
category_0,object_category_13,-0.632541422368866,0.2574645024398814,0
category_6,object_category_3,0.35384139013070726,-0.8252397307150064,0
nan,object_category_5,-2.692903445180422,0.8587976469819097,1
nan,object_category_10,-0.8408584000119161,-0.5856527196619107,1
category_14,object_category_9,0.4228378487564316,1.3628101802813928,1
nan,object_category_7,2.2546104720253157,0.6161997809947084,0
category_9,object_category_1,0.9708262444179342,-0.8874129622772551,1
nan,object_category_2,0.21889999709458688,0.5422808269045468,0
category_2,object_category_1,-0.21792999735090152,-1.0195935516748516,0
nan,object_category_13,-1.7647620463847815,1.1528777883156958,0
category_11,object_category_5,0.21791184705167907,1.110456830314113,0
nan,object_category_6,-0.545168104038743,0.20676518775870806,1
nan,object_category_8,0.6746835393202081,1.0127757691949693,1
nan,object_category_6,-0.8629011000992726,-0.45533740400301925,0
nan,object_category_13,0.777920827593383,0.4463085816289479,1
nan,object_category_0,0.9258701054218191,-0.2530031187325291,0
category_11,object_category_0,1.0172869019979862,-0.9664183204311086,1
nan,object_category_3,-0.14325876585762148,-0.0875023890617381,0
nan,object_category_4,0.5232684558331463,-0.4043050190616464,1
nan,object_category_10,-2.2284653898232776,1.3630196012311617,1
category_9,object_category_13,-0.6975675980645187,0.9139281423288421,1
nan,object_category_2,1.1430913788121049,-0.5254166113190849,0
nan,object_category_13,-0.4911467909965892,-0.6394388341438072,1
nan,object_category_5,-1.6020252704665412,-0.4646218055462389,1
category_14,object_category_9,1.471144144594329,1.3806972317012183,1
category_6,object_category_9,-0.45459255553095224,2.0782902169597635,0
nan,object_category_11,0.9922855529809855,0.05748316678868949,0
category_9,object_category_7,2.297733974408114,-2.920411730257158,0
nan,object_category_10,0.633971861768583,-1.0077194381386927,0
nan,object_category_10,1.081740603215502,-1.0707356925817457,1
category_4,object_category_4,-0.2830327222566575,-1.9414228512933478,0
nan,object_category_3,0.11200761740950135,-0.5491111231263466,0
category_13,object_category_0,-0.20629277882015962,1.690048514107031,0
nan,object_category_5,-2.257920114001296,-1.9318412781440684,0
nan,object_category_8,-0.09036479487725455,-0.14181004621264762,1
category_4,object_category_9,1.3376772084655184,-1.1405676426349862,1
nan,object_category_7,0.08394632067566662,-0.46085110348859937,1
nan,object_category_12,0.12637060780191567,1.4321925942126947,1
category_5,object_category_0,1.183432707731954,-1.412537831605398,0
nan,object_category_14,-0.16661327358774364,-0.089405887110884,1
category_6,object_category_0,-0.44217881490136357,2.089319850660608,0
nan,object_category_6,0.30882303038749837,0.41704958136076536,1
category_0,object_category_1,-1.2035353542810452,-0.817206818470873,1
category_9,object_category_4,-0.7512570687540944,-1.8211596954585683,1
nan,object_category_2,-1.3157329986917041,1.0990472214240206,0
nan,object_category_3,0.5739902195652882,-0.8414566936411846,0
nan,object_category_12,-0.1390605052789582,-1.0924552176225066,1
nan,object_category_14,-0.9149085788961137,0.5039436451600718,1
category_14,object_category_11,0.3465580738034154,1.5811370716770063,1
nan,object_category_13,-0.4130806094931112,-1.0068533463945042,1
nan,object_category_9,0.9107000365243669,0.5254043068064383,1
category_12,object_category_0,0.9293291545073282,0.4931073182066502,1
category_12,object_category_3,-0.4431777098253965,0.24882388430204977,0
nan,object_category_14,-0.17832507126338643,0.39553018287030794,1
nan,object_category_0,-1.05527211354779,1.0523987935362569,1
nan,object_category_12,-0.907745281695821,-1.1012889448285494,0
nan,object_category_13,0.924171959651193,0.4915905437208298,1
category_8,object_category_12,-0.448480034560354,0.25971646587488945,1
nan,object_category_5,-0.40032296295372544,-0.6701116032722296,0
nan,object_category_7,-1.798085210468379,-0.26845485839310335,0
category_12,object_category_14,0.10669322997490081,0.9092488534686335,1
nan,object_category_0,1.8623493576259254,2.6171041358471765,1
nan,object_category_11,-0.1933706293466149,-0.2794404873868732,1
nan,object_category_12,-0.4616300978270674,-0.7508235111227108,1
nan,object_category_3,-0.32584143941414784,0.2573779645528019,0
nan,object_category_13,1.4731005305890688,0.45712015485519597,1
category_10,object_category_2,-0.48078309700180677,-0.2525697314471899,1
category_4,object_category_3,-2.382358401355366,-0.8620648613767881,0
nan,object_category_4,1.7721666107286427,-0.41753140699768215,1
nan,object_category_0,-0.8796019746772632,-0.749462560820483,0
nan,object_category_2,0.9457399284099193,-2.12426650627316,1
nan,object_category_8,-1.9552925956139953,1.1051096491096006,0
nan,object_category_8,-0.6445366087413759,-0.7072082975830786,0
nan,object_category_7,-0.22647728396617262,2.185619132824011,1
nan,object_category_0,-1.8068812543048993,0.1687761373818776,1
category_11,object_category_14,0.29617455537377085,-0.814491364605515,0
nan,object_category_9,0.7929354270042691,0.9499159180544043,1
nan,object_category_13,0.06068918238284811,1.4810955893777171,1
nan,object_category_3,-0.280600525888474,1.0248841025938173,0
category_2,object_category_6,-1.5295145131093817,2.0689533871564834,1
category_9,object_category_0,0.28649493394883513,-0.4283509904315997,0
category_2,object_category_12,-0.16959226136957237,-0.33218590721265623,1
category_1,object_category_4,-0.21397719038536386,1.60699038296495,0
nan,object_category_0,1.305080456445855,-0.43839775734947994,0
nan,object_category_13,1.8026669884280575,0.33165275791503046,0
nan,object_category_0,-1.3078500204985537,-2.1200634984113744,1
nan,object_category_0,1.5683709340095409,-2.013950460573555,0
nan,object_category_2,-0.8136573365048525,-1.1251966307226522,1
category_12,object_category_9,0.04366470519535744,-0.1421712199449992,1
nan,object_category_2,-1.9527852060524664,1.0844491772990945,0
nan,object_category_14,-0.015245263315087215,1.7071462585160564,1
category_12,object_category_9,1.5838376179422244,-0.8254257803308409,1
category_8,object_category_10,-0.9093970296582305,-0.7619643423950224,1
category_5,object_category_10,0.48314856215961094,-0.38026433208621746,0
nan,object_category_6,-0.10572274358904263,-1.1710578673277983,1
nan,object_category_2,-0.006655485868754961,-0.2794118783961061,0
nan,object_category_13,0.7852075463539463,1.2456863783936833,0
category_12,object_category_11,-0.5696523246980437,-0.3358913210864982,0
nan,object_category_5,1.251897352458078,-1.2912301394456491,1
nan,object_category_8,-1.5473698349918332,-1.8442724718224484,0
category_8,object_category_14,-0.3455629781598653,-0.15064770710164999,1
nan,object_category_10,-0.16299874394368274,1.5748653339707475,1
nan,object_category_3,0.46852284388407767,0.38445899361057206,0
nan,object_category_12,1.827736044116683,0.183678548829316,0
nan,object_category_4,0.19384955737472792,-0.3595879723922249,1
nan,object_category_3,0.21865603337401424,-0.42415828504180125,1
nan,object_category_1,-1.3990059909103518,0.6400294677298971,0
nan,object_category_10,-1.3003789981223774,-0.947148046949218,1
nan,object_category_4,0.6966509261296739,0.32916831947911773,1
nan,object_category_0,-1.7530580359733052,-1.938857396989612,0
nan,object_category_13,0.06497002976671354,-0.18266654421398987,1
nan,object_category_8,0.5101372663827847,0.2250741539359138,1
nan,object_category_11,0.16469334217275675,0.7437165694837412,1
category_4,object_category_0,0.6006946106554877,0.07546250341340188,0
nan,object_category_4,0.38404879236673384,-0.10426581694251569,0
nan,object_category_13,-0.3678602083804522,-0.8056625378822022,1
nan,object_category_14,-1.1286538491378015,0.9441560960937095,0
nan,object_category_3,-0.5019492254066769,-1.4537568964435286,0
category_3,object_category_7,0.1893780204877155,-0.5384507257208246,1
category_6,object_category_7,-0.287342207525159,0.5608656291233868,0
category_11,object_category_12,1.1374448235760586,-0.6403165363514863,1
nan,object_category_6,-0.5160635164739357,0.29447100406950455,1
category_1,object_category_13,-0.3657346284595573,0.5260195383399823,1
category_1,object_category_12,0.4951782611101716,0.15042423731700996,1
nan,object_category_1,-1.122192043541581,-0.6625309167222524,1
nan,object_category_11,1.7565269717630374,0.869887950170408,1
category_12,object_category_14,-0.4221896775276649,-0.07683959372489547,1
nan,object_category_2,0.17452874949845115,-0.46378392280753966,0
category_12,object_category_1,0.9934606861667556,-0.14290629209703185,1
nan,object_category_14,0.020844248551878393,0.6277632056062641,0
category_6,object_category_10,1.2464929652340153,-0.3221174167282811,1
nan,object_category_2,0.5234458732486745,-0.0035013793125420398,0
nan,object_category_2,-0.042190930474000764,1.1363741764092743,1
nan,object_category_3,-0.06758192654538438,-1.4977827347772086,1
nan,object_category_12,0.42102815404825045,0.5138511529106995,1
nan,object_category_9,1.0414424380190943,-1.047370255009923,1
category_9,object_category_14,-0.1947461671585307,1.9801593981310923,0
nan,object_category_1,0.3639544299225679,-1.0351938497272328,0
nan,object_category_6,1.590053838981433,-0.8657947066575977,1
category_13,object_category_4,-0.651738409261232,0.5911128777792742,1
nan,object_category_14,-0.16043091772105442,0.7419812059953491,0
nan,object_category_13,0.03180905468773182,-0.46302181339298204,0
nan,object_category_11,1.2129053397603577,0.049985854651899045,1
category_5,object_category_13,-0.29818792837791175,-1.2975666273962851,0
nan,object_category_3,0.6903060847767115,0.8020777972125619,1
category_14,object_category_13,0.29662975507395756,0.6276154993975981,0
category_11,object_category_13,-0.6597492151547664,1.0567490732715914,0
nan,object_category_11,-1.461458350901508,1.5562746897046094,0
category_4,object_category_11,1.311468169506159,-0.8308723302954025,1
nan,object_category_0,-0.46338872091294453,0.07970580090490362,0
nan,object_category_9,-1.2803834892804902,-0.14408274281673733,0
nan,object_category_2,-1.6956472871251123,-1.1574796341960567,0
nan,object_category_9,-0.11894934689776854,0.733975545317435,0
nan,object_category_7,-1.1010122033118341,1.5524450616246424,0
nan,object_category_0,3.0982754314412966,0.35918015515967633,0
category_8,object_category_6,1.1470850317267451,0.6207638592141606,1
nan,object_category_10,0.8238826685896979,0.6820077753269591,0
category_5,object_category_11,-0.03187823563124232,-1.8684555622423369,0
nan,object_category_3,-2.4202659465922514,-0.5229738079753883,0
nan,object_category_11,0.09575503083446961,-0.2543508599018936,1
category_13,object_category_13,0.2813261560320579,2.22883743054496,1
nan,object_category_11,1.3494380021590517,-1.779171080372297,1
nan,object_category_12,0.5436244314780772,-1.6134109551799174,1
nan,object_category_2,-2.0180831022222887,-0.4433994694118271,0
nan,object_category_13,-0.289801133274839,-0.9146362464491452,1
category_12,object_category_4,-0.9097115326534796,0.09667266183984695,0
nan,object_category_12,-1.0981508958787771,0.15958709699921547,0
nan,object_category_9,0.43624604401641914,-0.6307507791557645,0
nan,object_category_12,0.7385659304863965,0.5426037772836303,1
category_1,object_category_12,2.027732981732923,-0.8649425063838725,0
nan,object_category_1,0.09402189777724662,-2.191548430374388,0
nan,object_category_3,0.7622922466534624,0.9007012885288848,1
category_13,object_category_7,-0.18681326546183086,-0.06705879400573517,0
category_11,object_category_4,1.194479980368069,-0.6457657941608141,0
category_5,object_category_3,2.218235516056171,-0.5779140710325108,0
category_0,object_category_1,-1.0575281579148421,-0.11236015203853282,0
nan,object_category_13,-0.29004625292877445,-0.2510969242130301,1
category_11,object_category_11,1.788528965553655,-0.28465226455826637,0
category_10,object_category_11,-1.3494065291296515,0.5371972701700476,0
category_13,object_category_6,-0.7278506556347124,0.13098103371185219,1
nan,object_category_4,-0.8469404309288705,-0.5355031065466748,1
nan,object_category_7,-1.5670733121507385,1.7784622345786227,1
nan,object_category_11,1.1130301319209275,-0.706358321305692,1
category_10,object_category_0,0.4966055228483288,-0.5643065498954012,0
nan,object_category_8,-1.048389974028315,1.9255949104151562,1
nan,object_category_7,-0.4953023483961829,0.41963937545902236,1
category_5,object_category_4,-0.34550618415646117,0.13274315532673664,1
category_6,object_category_10,0.371384194987824,-1.3303455305296883,0
nan,object_category_6,-0.9687692337060786,0.2739804884398344,0
nan,object_category_7,-0.2192400025356785,-1.53862800465759,1
category_3,object_category_0,-2.012066036035717,0.2717638547201908,0
nan,object_category_5,0.419917784314956,0.9827849533497918,1
nan,object_category_6,-2.2194285911158116,0.34136267493641315,0
nan,object_category_14,-0.8036297160804761,0.8811528883967557,0
nan,object_category_6,-1.154972127877187,-0.01101696235721718,0
category_13,object_category_2,-2.2171033657889967,1.0033236122238072,0
category_11,object_category_11,0.31046061936074154,-1.8150986070040056,0
nan,object_category_0,1.4022094128552853,0.8762294641101097,0
category_9,object_category_5,-0.00016703816436516148,0.2716402618227994,0
nan,object_category_6,1.9167116511930498,-0.0717972890544825,1
nan,object_category_2,0.4419078997050023,-0.5022130859948394,1
nan,object_category_0,-0.7774144639495111,-1.0478253693912876,1
category_5,object_category_7,0.8738066537566492,-0.516934312097363,1
nan,object_category_3,-0.5114308052312971,-0.21628408585040754,1
nan,object_category_11,0.5152504412019128,1.0116783761123906,0
nan,object_category_1,0.11555335109346335,-0.7083562154123062,0
nan,object_category_8,0.9850948537855189,0.27380083623550566,1
nan,object_category_9,-0.15905749919632703,0.32311403790705195,0
nan,object_category_14,1.2746772834826623,0.35944311365275117,0
nan,object_category_2,0.30181258223398105,-3.1089207185244825,0
nan,object_category_6,1.457005342956173,1.7223394316285636,0
category_1,object_category_9,1.9835140270122282,0.024182700853625033,1
category_10,object_category_5,-0.773709924296088,1.9908382391141686,1
nan,object_category_10,1.2813332096320917,1.1637573053684485,1
category_10,object_category_10,0.9527808728411895,0.3993817532373284,0
nan,object_category_2,-0.8356074456742311,0.40608887735593585,1
nan,object_category_5,-0.15965101122941588,2.2919765258821836,0
nan,object_category_10,-0.7822954425707361,1.1076674595060216,1
nan,object_category_12,-0.8160254475450714,0.04360009992572451,1
nan,object_category_10,-0.08943911279408095,-0.4502584492193005,0
category_12,object_category_9,-1.3866324383313822,0.24478972840570035,1
category_6,object_category_10,-0.08460486402120089,-0.03604235710047494,0
nan,object_category_9,0.6987890001482026,-0.24717073180033142,0
nan,object_category_7,-0.2319257133459198,0.7362842707654073,0
nan,object_category_13,0.7537192615742454,2.4675043311560336,1
category_6,object_category_14,-0.9144367960662179,1.716880625512976,1
category_6,object_category_0,0.514696540675787,0.4000989612854608,0
nan,object_category_6,-0.3497444577789787,-0.1932855029309968,1
category_0,object_category_11,-0.14729539005514214,-0.8301797599593823,1
nan,object_category_9,-2.7246535421672924,-0.4714644937587285,1
category_4,object_category_3,-0.8998515943822551,-0.026791651033523083,1
nan,object_category_12,-1.3566786136735116,-0.032588523452974784,1
category_9,object_category_1,1.7091916454107845,0.2303126333684416,0
nan,object_category_8,-2.104562091521556,0.5541887377093663,1
nan,object_category_11,-0.8804414801491381,-0.7178016342522793,0
category_7,object_category_10,0.3971286834233488,-0.40333086784706296,0
nan,object_category_13,0.5317902997991051,2.1437565808104004,1
category_14,object_category_9,-1.4143545808631361,1.1161290336334446,1
category_0,object_category_10,0.1060146398439441,0.816768139387757,1
nan,object_category_10,2.080207962107358,-0.26492993987735597,0
category_9,object_category_5,0.4207653336413391,-0.29282485220847904,1
nan,object_category_1,0.4285829137811079,-1.321184327619449,0
nan,object_category_4,1.9333409165416346,-0.6438218891474448,1
nan,object_category_3,-1.5672478450395673,0.68890975995939,1
category_12,object_category_14,-0.8640395218964602,0.31108518159013326,1
nan,object_category_8,-1.0026842447056934,0.5943018392755984,0
category_0,object_category_10,0.9678435619660164,-2.8006394157715193,1
category_7,object_category_3,0.8993469590009253,-0.3431580678566274,1
category_3,object_category_1,0.41541662979576033,-0.3756544517176889,1
nan,object_category_14,0.2062490546287684,0.7802813551197669,0
nan,object_category_13,-0.15298483792105855,0.4334629592251021,1
nan,object_category_11,-0.5378243621495679,1.5532654352480633,1
nan,object_category_10,0.0951463250017987,0.27390173171009824,1
nan,object_category_8,-0.0744473599573898,0.09846066802631737,0
nan,object_category_1,-1.2631026397404599,1.6215345718893446,1
nan,object_category_4,0.8528180622115594,-1.1196173087576167,1
category_3,object_category_13,0.6394138965189298,0.11662853305244164,0
category_2,object_category_14,0.17072044018640883,-0.6812284425422294,0
nan,object_category_5,0.24652090052707235,-0.5467113907592781,1
nan,object_category_1,0.6397718116255554,-0.5875188557273997,1
nan,object_category_10,0.1174859823179743,-0.4406920562285756,0
nan,object_category_4,-0.3695518158519655,0.8102928704497031,0
nan,object_category_5,1.574577085077155,0.1174312999526468,1
nan,object_category_10,-0.30436696810700986,-0.8212795067575678,0
category_12,object_category_1,-1.3983812799345683,0.03839187849341191,0
category_3,object_category_9,0.5310762081854068,-2.5365172697425304,0
nan,object_category_10,-0.754191160646109,0.4112178148866347,0
category_0,object_category_5,0.9966529519553987,-0.6717848261501754,1
nan,object_category_9,-0.38090578952536563,0.0018189794476025178,0
category_0,object_category_6,2.065706772923743,-0.6876046256028555,0
nan,object_category_11,0.6847077905557596,2.6674432882193018,1
category_1,object_category_12,-1.1336066998457828,-0.7353429531430996,1
category_4,object_category_9,-0.818756347405717,-0.15471508113565186,1
nan,object_category_6,-1.1211726779839049,0.01279501347276736,1
category_7,object_category_14,-0.9354041995549944,-0.5808405131662804,0
category_11,object_category_0,-0.8427969359971891,-0.6432402279383501,1
category_13,object_category_9,0.19958786351427502,0.06117942758389805,0
nan,object_category_4,-2.049055479511579,0.5268564732832653,1
category_13,object_category_2,0.8384625330294885,-2.4706117849838933,1
nan,object_category_7,-1.1211492250705395,0.23733837062348023,1
nan,object_category_11,-0.1324359665405049,-0.875735563946,0
nan,object_category_6,0.9489047640727033,0.4336893133021322,0
category_5,object_category_10,-0.3226100370764983,-1.7425864249394414,1
nan,object_category_11,-1.6418655929578303,-0.4126402750779022,0
category_13,object_category_5,3.103738849011678,1.3809187910683338,0
nan,object_category_5,0.28224713446441374,0.47140713320167804,1
nan,object_category_7,-1.220953415386812,0.019995027150458006,1
nan,object_category_4,-0.03838056779378744,-1.6119488344825867,1
nan,object_category_1,0.8948451220602467,-0.015376294465924211,1
nan,object_category_0,0.19990144418598738,0.18512850593861951,1
category_6,object_category_4,-0.027744742528137457,-1.3061971806524133,1
category_3,object_category_10,1.0879672677828356,-0.8342822790006735,0
nan,object_category_4,1.1988391478667462,-1.878552669204642,1
nan,object_category_3,0.4135930993850336,-1.1261435283257093,1
nan,object_category_2,0.8492563311546787,1.6295322148967557,0
nan,object_category_2,-0.7864198401985436,0.6169565668339948,1
nan,object_category_13,0.5286749076445622,-0.8903101156849398,1
nan,object_category_13,0.2805522094198024,-0.7350304303202831,0
nan,object_category_0,0.672275056020809,-1.0516667632193437,0
nan,object_category_5,1.6363267470177811,1.6927699839313803,0
nan,object_category_10,1.2628636276706382,-1.3094819397125235,1
category_8,object_category_1,-1.213497168418143,1.024937886083005,1
category_9,object_category_13,0.30591697108946847,-1.004413683209736,0
category_6,object_category_7,1.543361445869577,0.9373752324971081,1
nan,object_category_9,0.45891140310774176,0.724968171420084,0
category_10,object_category_5,-0.5134809355056187,0.5934615409698615,0
category_3,object_category_4,0.2222325259214718,0.13905508696453775,1
category_7,object_category_14,-0.4445146270975729,-0.04082161240143943,1
nan,object_category_2,0.2750715905340219,-0.39456115283372983,1
nan,object_category_7,-0.4308510824401899,0.04243207100721386,0
category_4,object_category_14,-0.8455359155719647,-1.0141173949230573,1
nan,object_category_6,1.1956397740302724,-0.725433870232192,1
nan,object_category_9,0.7902559193189411,-1.0473530195708225,1
nan,object_category_12,0.2061234844491171,1.699285457571807,0
category_2,object_category_4,-0.016778825786628062,0.18892254924248988,0
category_13,object_category_8,0.794884064674905,-0.33820405616115384,0
category_5,object_category_6,-0.263183695342948,-0.491214499254927,1
nan,object_category_9,-0.08936125761146749,0.6006609957480066,1
nan,object_category_10,-0.07350481097386369,-0.2850011330312767,1
category_2,object_category_0,0.29691930692135204,0.7027218237403319,1
nan,object_category_13,-1.2576807931776786,0.6828905984561882,0
category_12,object_category_1,-2.252077681861973,0.05048025721013041,0
nan,object_category_0,-0.6504380660656679,1.089679378575218,1
nan,object_category_7,0.8652019114445503,0.4518295284647696,1
category_9,object_category_3,0.9263897451641608,1.0985464532284523,0
nan,object_category_13,0.5914527934660092,-1.3860086014180468,0
nan,object_category_10,1.7913823025884998,0.1671417594935871,1
nan,object_category_7,0.6971644047685207,1.1659752539817836,1
nan,object_category_10,1.3787927543215157,-0.6535577520700643,1
nan,object_category_13,-0.6101941556521753,2.2938103638334377,1
nan,object_category_8,-1.4854307601244667,-0.1987842650695908,1
nan,object_category_11,-0.4415474936961777,1.7753781923624392,0
category_9,object_category_13,0.5310263593288054,0.6455111593479584,0
nan,object_category_5,-0.04783769842453072,-0.260313921822378,0
nan,object_category_10,-1.2718134887301984,-0.8609833168258028,0
category_0,object_category_14,1.4341974579187982,1.4901245971729205,1
category_12,object_category_4,0.8151942291315857,-1.6279253304747747,0
nan,object_category_1,1.9570601642102323,-0.6932729850355719,0
category_12,object_category_14,-0.8020530097283702,0.1188993982704489,0
nan,object_category_5,-1.0321468444305748,0.5593841249667465,1
category_7,object_category_12,0.4342838568664506,-1.7912694839098606,1
category_5,object_category_9,0.673884539761664,-2.2707718597115214,0
category_13,object_category_9,1.5655799335845453,0.44303424960691634,1
nan,object_category_6,1.101154008646193,-0.8386839818970567,1
nan,object_category_9,-1.1689553102524488,1.5593781521444217,0
nan,object_category_9,-1.6622660709700023,-0.000624978953279768,1
nan,object_category_0,0.10490743801730953,-0.24057486830160316,0
category_0,object_category_9,0.5358891607847042,-0.1814639750042335,1
category_1,object_category_0,1.3307919496499527,0.5001087785395639,0
nan,object_category_8,0.771927677529475,0.7382326942398991,0
nan,object_category_10,1.2886978908433069,-0.8286797247862758,0
nan,object_category_10,1.408862559358231,-2.5281475484449687,0
nan,object_category_4,1.2785668704356714,-0.24423242759221234,0
category_7,object_category_14,-0.6024911589590868,0.5563041762574877,1
category_1,object_category_3,0.3874278599444019,0.5460505407201263,1
category_2,object_category_3,-0.8936902108034444,0.3570528251460239,1
nan,object_category_13,-0.1611071897394561,-0.9936285801390932,0
category_4,object_category_14,-0.9044046254818617,0.028398098735993756,1
category_11,object_category_14,-0.33874561354390215,-1.8066292211779496,1
nan,object_category_3,0.6084254822745229,0.2707916557398721,0
nan,object_category_4,-0.5019511808907396,-1.920473832628072,1
category_9,object_category_4,0.4533734248629301,-0.028735034321133984,1
category_5,object_category_0,2.224969469375626,0.8654098857885801,0
category_5,object_category_14,0.7964035663282029,-1.9521298691549767,1
nan,object_category_7,0.7666869308208708,1.1748532447002042,1
nan,object_category_4,0.3936202387757675,0.750506778494582,1
category_5,object_category_14,-0.6464912097479787,-1.3035727775045245,0
nan,object_category_0,2.024372212553687,0.7124656770879276,1
nan,object_category_12,-0.6708851056953888,1.1413803588181408,0
nan,object_category_12,0.6348267443186655,0.9078264012269585,1
nan,object_category_2,0.016607427439334327,-0.16845710940996003,0
nan,object_category_3,-0.5570982713123435,-0.14487174996632882,1
nan,object_category_5,0.6818857866213678,-0.22878979622618337,1
nan,object_category_6,0.23912733717243576,0.2259477128590395,1
category_3,object_category_8,0.8177455433381345,0.48307040676746293,0
category_0,object_category_6,0.6916679093545037,0.8189205574247468,1
category_4,object_category_3,-1.2792364295921828,1.353798231838091,0
category_3,object_category_11,1.2464699411672804,0.37060444457836966,1
category_11,object_category_3,1.3502420171067637,1.0889482618563753,0
nan,object_category_1,1.5728707318983082,0.06569030955357998,1
category_1,object_category_2,-0.6764499731689883,0.0019259204390983291,1
category_14,object_category_11,-0.6498933743361299,-0.33493416513322066,1
category_5,object_category_11,-0.13641313310750783,1.6901554922947375,0
nan,object_category_0,-0.9113636347548427,0.4919636058272411,1
nan,object_category_6,-0.5269244595343583,1.4565797410477046,0
category_8,object_category_0,0.47191131839627465,0.40131494802384865,1
nan,object_category_12,-0.24362449100383146,0.43002528935451084,0
nan,object_category_9,-1.2954896052463525,1.1398599503341427,0
nan,object_category_2,1.499350516258569,-0.6783449449161384,0
nan,object_category_3,-2.1209543710969485,-0.02565712955534739,0
category_11,object_category_9,1.1337388275796223,1.8679265674643282,0
nan,object_category_13,1.4389551174862696,0.6463540105624782,0
nan,object_category_8,-1.4247904826933648,0.3574832438741977,1
nan,object_category_4,-0.17556223381995734,-1.166458330371379,0
category_6,object_category_2,1.334091288350961,0.4031672242916542,1
category_6,object_category_12,-0.5835161563029766,-0.3798015675500627,0
nan,object_category_1,0.1316517487943885,0.9686399793604269,0
nan,object_category_4,-0.2773359460814279,-1.940708984029723,0
category_1,object_category_9,1.2397450018491987,0.656212392676219,1
nan,object_category_6,0.3564868604532576,-0.1950640483351984,0
category_1,object_category_11,-0.4844274018899443,-0.6990344485216224,1
category_5,object_category_4,0.1392026511871309,-0.9906398747598764,1
nan,object_category_9,0.39533977654982816,-0.6819379948387446,0
nan,object_category_3,0.18712020500614684,0.6966146533115948,1
category_11,object_category_4,-0.6043290541044695,-0.2766208795824926,1
category_13,object_category_11,0.4026147182449734,-0.20415144719356543,1
category_1,object_category_8,0.20797208270901782,-0.7533112035989002,1
nan,object_category_8,0.7623437856664063,-0.9338683440802377,1
category_12,object_category_4,0.18296244391610636,0.3651605653847859,1
nan,object_category_14,1.5706956643618548,-2.0370618488665904,1
nan,object_category_13,0.0812608309458039,-0.9667230164140943,0
category_10,object_category_6,-1.259335605683405,-1.037075527658657,0
nan,object_category_3,-0.1985675197308846,-2.767040507085531,0
category_9,object_category_9,-0.7129416671311984,-0.08854316667257378,0
nan,object_category_0,0.48589415694431615,-2.2965971692591727,1
nan,object_category_5,-0.6399182504168813,1.3011906847769004,1
category_5,object_category_5,0.7763414349726576,-0.1389765526441007,0
nan,object_category_10,-1.2454867224833552,-0.9629115155274055,1
nan,object_category_8,-0.08572982523046892,-0.19133939185099474,1
nan,object_category_10,-0.5002761688740937,-0.27603047242762296,0
nan,object_category_4,-0.8520020269627571,1.622973337285697,1
category_9,object_category_1,0.4251127195852604,0.9776929449619822,1
nan,object_category_0,-0.38657551158762454,0.7663166048794977,0
category_5,object_category_4,-0.19825176742006037,0.3066166113576561,1
nan,object_category_7,-1.9407022941842849,-0.8769338358263541,1
nan,object_category_13,-1.7629996805039156,-1.0180158041588194,1
nan,object_category_2,0.07878923704154751,-0.3656264798633963,0
category_1,object_category_6,-0.7865660666117716,-0.16216134160074075,0
category_0,object_category_11,-0.0044169107519553465,-0.397959958912192,1
category_5,object_category_4,0.12996439318190564,1.3307866860588249,1
nan,object_category_8,-0.19628805629362162,-0.1910355643634893,0
nan,object_category_12,-0.14182605096062254,1.0670412634484012,0
category_4,object_category_11,0.40187835962869095,1.2722648222822175,0
category_12,object_category_3,-0.7315148394930203,-1.5492261626891275,1
nan,object_category_13,-0.07467447405488016,0.3972706279918006,1
nan,object_category_13,0.41446921825344024,-0.7892791416358594,1
category_2,object_category_8,-1.428112116642571,-1.1431159311010541,1
category_1,object_category_9,-1.480237544428919,0.8628197467788151,0
nan,object_category_12,-0.6332963916845002,-0.3091590427177356,1
category_12,object_category_8,-0.9776015780349798,0.3275367085410519,0
nan,object_category_10,0.15834951629841773,1.166269698762533,0
nan,object_category_7,1.1234769235633701,-0.019166211964827738,1
nan,object_category_7,0.06798249108090516,-0.20980368454620096,0
nan,object_category_8,1.2771432866499266,-0.7049041586171261,0
nan,object_category_0,-0.13620128256548322,-0.5971817481759468,1
nan,object_category_5,-0.5680043856153741,0.8814976040897053,1
category_9,object_category_4,0.35439543125488715,-1.6555130762352046,1
nan,object_category_4,-0.5196720550737057,-0.731563453344196,0
nan,object_category_0,-0.7580123058039073,0.26389004757452866,0
category_3,object_category_13,-0.40339303378304747,-2.314493267281117,0
category_10,object_category_7,0.3128129248998426,-0.4336127898551759,1
nan,object_category_13,0.44454186346231594,0.9195687231262631,1
nan,object_category_7,-0.0771834818078447,0.7527388075285808,1
category_11,object_category_3,0.18606773811474353,0.22628658502392218,0
category_10,object_category_9,-0.2405895105510636,-1.8141996817517834,1
nan,object_category_14,0.7082696030322523,-0.12724046185926616,1
nan,object_category_13,1.3132996641829058,1.761295854046359,1
category_11,object_category_8,0.47118294512138476,0.1373179923506843,0
nan,object_category_12,-0.5926322938590267,0.12777725238349338,1
nan,object_category_13,-0.029239406905561934,-0.8580945398313146,0
nan,object_category_2,0.26367136964991866,-0.17566202601446934,0
nan,object_category_7,-2.5124202421242714,1.184879141469375,0
category_12,object_category_9,-1.671794100338083,0.08121152055109575,0
nan,object_category_8,-0.4843760351598658,-1.5375423778489397,1
category_3,object_category_9,0.7720627739454404,-0.5280568174552585,1
category_4,object_category_4,1.8931849377492183,0.48594007903982667,1
nan,object_category_2,-0.5418854237161493,-0.025313934706876352,0
nan,object_category_6,0.4216041019881278,-1.3040877495342176,1
nan,object_category_9,-0.8552334413242851,0.6044683248885633,1
nan,object_category_2,-0.5879239013475228,1.372396975973036,1
nan,object_category_2,-1.342887674997045,0.29919975025990636,0
nan,object_category_4,-0.04090719154298862,0.3073606165982168,1
nan,object_category_4,0.7538654318422919,1.2031790289356141,1
nan,object_category_0,0.06482416855387942,-0.9867127890029784,0
nan,object_category_9,0.5297953362559416,0.29537120489292534,1
category_6,object_category_11,0.9622033065831584,-0.44622455488041934,1
category_7,object_category_13,1.567288335090801,-0.3706954459508218,0
category_6,object_category_1,1.0518536671608478,-1.4813756177904571,1
category_2,object_category_7,-0.530938513572526,-0.40384304966537926,0
nan,object_category_3,-0.9096794278427048,0.05359876123867843,1
category_4,object_category_11,0.6208732638743238,-0.3709881146797778,0
nan,object_category_14,-0.10621290465965044,0.24175487257198225,1
category_11,object_category_14,1.4977442714452076,-1.506293969755431,1
category_11,object_category_13,-0.5374486259099002,0.5973353546282076,1
category_4,object_category_11,0.00616834757856548,-0.37565612478798655,0
category_10,object_category_8,-1.3482927818896913,-1.1989834726410828,1
nan,object_category_6,-0.8075528625893599,-0.1533417658931414,0
nan,object_category_7,-0.17378280814633043,0.35562929437256674,0
nan,object_category_12,-0.13701001888843334,1.224792271286262,0
nan,object_category_3,0.719599727245703,-0.6061368455128917,0
category_3,object_category_9,0.16740238742953958,-0.2016175693423489,0
category_3,object_category_9,-0.7215953895555574,-0.33148368049058435,0
category_12,object_category_12,0.01826671693836937,-0.9340268899133506,1
nan,object_category_6,1.0951393947316759,2.6978732167526798,1
category_13,object_category_5,-0.39385955597407857,0.8921100035829921,1
category_7,object_category_8,-0.33950762352316377,0.1190961630260866,1
nan,object_category_12,0.8586131506433106,0.5251000378315164,1
category_1,object_category_12,0.47054131812553296,0.16251222170617674,1
category_0,object_category_8,0.5122335335763433,0.2960345689284432,1
category_11,object_category_14,1.8067658581625858,2.0422497677318128,1
category_10,object_category_6,-0.4743863854424303,0.1276107289948576,1
nan,object_category_0,-0.9840840339416831,-1.4961456240386666,1
nan,object_category_2,0.8295823406352283,0.3425322503541476,1
category_12,object_category_8,-0.42398948833052336,-0.936845122799158,1
nan,object_category_11,-0.9737683543979684,-1.471711588414111,1
category_5,object_category_2,-1.406743984575894,-0.10141076302762894,1
nan,object_category_5,0.077930113888171,-0.8229680701856383,0
nan,object_category_14,-0.013838318644111504,0.7151454751378261,1
category_13,object_category_2,0.6618774511474337,0.5723531117045338,0
category_13,object_category_5,0.18635278514985254,0.6959327218317974,0
category_1,object_category_14,0.25673668083093004,-0.41048538617427105,1
category_12,object_category_8,0.2911697136694679,-0.20301161227092254,0
nan,object_category_3,-0.07715553696888207,0.3281979699642037,1
nan,object_category_14,0.776373826225626,-1.1554254806688733,1
nan,object_category_0,0.16302879473471835,0.2746443186098072,0
category_9,object_category_0,-1.9893568456363036,-0.24794238674726538,0
category_12,object_category_12,-1.359713830826364,-0.08991270986768715,1
category_11,object_category_3,0.46814989256714523,0.24753338782717524,0
nan,object_category_9,-0.33826445730138016,0.5485587583002571,0
nan,object_category_14,0.6751099789256187,-0.912933295586195,1
category_3,object_category_12,-1.1986364870901427,0.3849431854002458,0
nan,object_category_0,0.699050521389481,0.33588305198078094,0
nan,object_category_12,1.0243311318138548,-0.7017072345016149,1
nan,object_category_8,-0.8531605279914315,0.7328898513847978,0
category_3,object_category_11,0.6676317044870296,0.3215351019181056,1
nan,object_category_7,0.6740248579207372,-1.5197533694467482,0
category_10,object_category_6,-0.11764309246566296,1.8141345086753653,0
nan,object_category_9,-1.4012542580553222,-0.711480414905444,0
nan,object_category_3,-0.28523420669776695,-2.88411805445535,0
category_0,object_category_9,-0.4418458309927,0.8274507890401673,0
category_5,object_category_1,0.09721393330416217,2.774995841078473,1
nan,object_category_13,-0.36218269107801937,1.6770968653715497,0
category_7,object_category_3,-1.1117963708241645,-0.9667007635458003,1
nan,object_category_8,0.003413638109752375,-0.2093961313386366,1
category_1,object_category_0,-0.28697147979775356,-0.35688207077963224,1
category_0,object_category_11,-0.14012663457366384,-0.8913818595676911,0
category_2,object_category_9,-0.9320870537432119,0.4460358311526998,0
nan,object_category_14,-1.8387607320676222,-0.9554630964820239,0
nan,object_category_0,0.38978122984315877,-0.9452699822655514,0
nan,object_category_6,-0.36065669751406493,-0.8927755140586742,0
nan,object_category_8,-0.11208674042637994,0.956497625039628,0
nan,object_category_8,-1.2910923631681168,-1.2312566803821514,0
category_0,object_category_10,0.7539585759909255,0.828933041822451,1
nan,object_category_2,1.5283338034448322,-1.3599173569582383,0
category_1,object_category_10,-0.9113293748492053,0.004404315417195239,1
nan,object_category_7,1.6234815537602332,1.1293781586677754,0
nan,object_category_13,0.4021027643883098,0.9429337766169896,1
nan,object_category_0,-0.9554255668744773,0.14257862695927415,1
category_8,object_category_1,1.2193280779104958,-0.9846181195822469,0
nan,object_category_11,-1.2018270124209132,2.3235225134420956,0
nan,object_category_7,1.1137116898935822,-0.8387583160196894,0
category_2,object_category_13,0.8677035883713133,-0.11200364241389124,1
category_4,object_category_14,1.4243265121884179,-0.9011532496708458,1
category_4,object_category_7,-0.3226251646670608,1.5180356544671711,0
category_12,object_category_8,-0.47409139496239355,2.674732543595149,0
category_10,object_category_11,-1.1968162746448248,-0.1760670747585787,1
category_8,object_category_1,-0.596124807969317,-0.12965883673381964,1
category_2,object_category_12,1.1128764034770295,0.2803780539084304,0
category_9,object_category_2,-0.26738273234545246,2.0128504671223473,0
category_13,object_category_14,0.5670187608931414,1.725710822911003,1
nan,object_category_0,-0.10657578700326678,-1.2165126530149868,1
nan,object_category_7,-0.11928354140678392,0.01847269842275868,1
category_6,object_category_7,0.11844877091684022,0.5572554520245351,0
nan,object_category_0,1.6519515162177438,-0.39305397022735666,1
nan,object_category_7,0.4458288776217631,-0.1383079858896052,0
nan,object_category_11,-0.6433024139285815,0.5480099644746775,1
nan,object_category_11,1.1327285697918892,-0.26533578934936963,1
category_14,object_category_6,2.41344318378185,-0.8405470634129217,1
nan,object_category_14,-0.8691753698337357,0.6382307797764102,0
nan,object_category_8,0.6896171866482109,-0.034380594150250424,1
nan,object_category_9,1.0789782959284515,0.9722022599176344,0
nan,object_category_10,0.8858378982519276,-1.208750308696054,1
category_10,object_category_13,-1.0078915685905725,0.07709427042648438,0
category_10,object_category_3,0.7178926978849157,0.6504665173655129,1
nan,object_category_2,0.6494948196065257,1.3257109614450204,1
nan,object_category_4,0.2639018250856734,0.416945652048852,1
nan,object_category_4,-1.6409365363965012,1.1582275795726726,1
category_8,object_category_13,-0.17279588485032196,0.07801321701071465,1
category_4,object_category_2,-1.4441052497796611,0.8542545349045775,1
nan,object_category_10,0.008381014245826818,0.7586117568133265,0
nan,object_category_3,-1.270420754602463,-0.7342569924887655,0
category_6,object_category_7,-0.4395322479990688,-0.3840238922120404,1
category_6,object_category_5,1.8928500502928136,-1.1488631385408712,0
nan,object_category_2,0.11597246280585755,1.297317611671581,1
category_7,object_category_4,0.34078243881151765,-1.561983156217438,1
nan,object_category_2,0.8593062230854045,0.1444526637458378,0
nan,object_category_5,-0.9743567030067625,1.0925824775178719,0
nan,object_category_14,0.20669241737432748,0.7603636012650532,0
category_1,object_category_8,-0.8295454755803827,2.2274497476380555,0
nan,object_category_9,-0.22264519845423764,-2.5771988517391033,0
nan,object_category_6,0.6249964634084446,0.4080103962132094,0
category_0,object_category_0,-0.3654017284605288,0.5478985491246781,1
nan,object_category_6,0.22654006291820789,-0.627748529690471,1
category_4,object_category_0,-0.7905917588635694,-1.67116162367385,0
nan,object_category_1,-2.0142811657132285,-1.5303823220090311,0
category_0,object_category_4,0.06419440763508932,-0.7734091022020735,1
nan,object_category_13,-0.6561845989681782,0.22584422065128154,0
category_0,object_category_11,0.22853836245929593,0.5182612647025222,0
nan,object_category_8,-0.08176145620755865,0.9048374238988208,1
category_11,object_category_7,-0.17415672740147198,-1.6923225088528913,0
nan,object_category_13,-1.4456927782850455,0.09858325131879331,1
category_2,object_category_10,1.6863926402932636,0.8608153476518493,0
nan,object_category_6,-1.4469595366251,-0.04192931993754323,0
category_7,object_category_5,0.8122682612236044,-0.8210156843251992,0
category_6,object_category_4,0.6617946090010778,-0.4806165184674745,1
nan,object_category_13,-1.6171761492262855,1.366840517207064,0
nan,object_category_1,0.29790437026187994,0.10441218502799825,1
category_4,object_category_9,1.2956841143049194,1.5312903316524227,1
category_1,object_category_0,0.40337154208427245,-0.29443895845538454,0
nan,object_category_1,1.1812123357434006,0.9221213392077131,0
category_1,object_category_5,-0.06677951617648294,1.31063665471351,0
nan,object_category_3,1.0019087046087498,-1.033383188334043,1
nan,object_category_9,-0.5809015515162924,-0.4144067665150224,1
category_7,object_category_8,-0.6679225904651511,0.3058618653580191,1
nan,object_category_8,0.7842456542006878,-0.33756337325740804,0
nan,object_category_4,-0.20738046771603694,-1.5421682129336827,1
category_12,object_category_13,0.35975851835455985,-0.3969817478888861,0
category_10,object_category_5,-0.7333610117556355,-0.08566035403804081,1
nan,object_category_10,-0.8373503396951877,-1.0406921145932817,0
nan,object_category_1,0.397531510294425,0.29324086773981883,1
nan,object_category_12,-0.5532301608823231,-0.9061691258825336,1
category_4,object_category_10,0.42639442337005184,-0.47471346100557776,0
nan,object_category_1,0.5403267120358877,0.6404265538022913,1
nan,object_category_2,-1.2345021172072628,-0.5987372735245308,1
nan,object_category_2,-0.015648832657568522,-0.39678515832000105,0
category_14,object_category_7,-0.3559893651877513,-0.8440998505594116,1
category_1,object_category_6,0.8325682532216715,-0.07473477411470189,0
category_2,object_category_0,-0.813063314783734,-0.1799638931130953,0
nan,object_category_2,0.20866769061642162,-0.6126912695117136,0
category_12,object_category_0,-2.19223125597469,-0.3873625696668655,0
category_1,object_category_8,0.6780538852647263,-0.10243671645542973,0
category_11,object_category_7,0.04883080817908748,-1.6973232820655788,0
category_5,object_category_10,-1.4495012516294175,1.2540234292206318,1
category_4,object_category_9,-0.7960812091371139,0.927494207664937,1
nan,object_category_13,-1.7116092121610544,-0.11332308919081084,1
nan,object_category_13,-0.16389750445888343,0.16588066556783174,1
nan,object_category_7,-1.327278476684974,-0.05835464416341321,1
nan,object_category_14,0.27590812581063934,-1.259940768855077,1
nan,object_category_0,-0.9651072348793117,0.3044448711820215,0
category_14,object_category_6,-0.06706646442056634,2.1848060619778393,1
nan,object_category_1,1.8287977810710683,1.9959701526696179,0
nan,object_category_6,0.02930965708318017,-0.034960741335507896,1
nan,object_category_1,-0.3933864966957646,-1.6498189477137681,0
category_0,object_category_1,-2.0734412445441315,-0.2553093516816094,0
nan,object_category_3,0.8387567418547297,1.1191843714650367,0
category_11,object_category_10,-0.7620646202072135,0.5368927040612415,1
nan,object_category_7,0.7953457532930687,-0.3491256461746476,1
nan,object_category_14,0.39126416705245365,1.534527056089516,0
nan,object_category_4,0.04295864557060387,2.3293935007945628,1
category_1,object_category_11,-0.4670004441027984,-1.0409493762745605,1
category_5,object_category_8,-0.006409731630725258,0.8581253073186417,1
nan,object_category_11,-1.601771103851932,2.021430428500752,1
category_5,object_category_6,-0.27512709506591754,0.17006927421837573,1
category_11,object_category_14,-2.8164160781642784,0.22854217566708185,0
category_1,object_category_13,-0.874854070472987,0.28810840765778417,1
nan,object_category_3,-0.2730026879622677,-0.2829131958096208,1
nan,object_category_11,0.21522523318411654,1.1507739781031494,1
nan,object_category_6,-0.13361685230901066,-0.41893303498470635,0
category_7,object_category_2,0.9723906369966231,0.21084145909183097,0
nan,object_category_10,-0.4903441062072687,1.2689767342738651,1
nan,object_category_11,-1.336526573066349,-1.1434825644041016,0
nan,object_category_0,-0.02300423571169765,1.6521170535208358,1
nan,object_category_2,-1.2409388450979097,0.8530093467837141,1
nan,object_category_12,0.6129253920999786,-0.39960420003811914,0
nan,object_category_2,-1.1029309709484865,0.08519498427454426,1
nan,object_category_8,0.18975175888394197,0.24055025618523876,1
nan,object_category_12,0.8244771820032953,-0.7530373273496029,0
category_0,object_category_13,0.5429872042982051,-0.34486350058036896,0
category_3,object_category_3,-0.9910699308604356,0.3932855237928893,0
category_12,object_category_11,-0.030885296888742645,-0.3569656658386159,0
category_11,object_category_14,-0.4731206798058565,-1.1597906640511504,1
nan,object_category_8,1.7466095498438126,1.2595371812161498,0
category_3,object_category_0,-0.4944121109451138,0.15157415126474583,0
nan,object_category_1,1.2220245056997636,-0.13646319396948633,1
category_3,object_category_0,0.34259527001835605,-0.39589264318663003,0
nan,object_category_12,0.2977933222578498,0.4629839611428818,1
category_7,object_category_6,0.9351403033757099,1.932887413032916,0
category_13,object_category_8,1.7016191857785847,-0.17767319327203787,0
category_5,object_category_4,0.3390243771195921,0.8920990805433422,0
category_14,object_category_2,-0.09881009634105263,-1.2940040743875736,0
nan,object_category_11,0.348034631948448,1.4469954513244827,0
nan,object_category_7,0.30431257221833047,-1.2960940284573563,1
nan,object_category_7,-0.9929171263932361,0.5217149326277475,0
nan,object_category_13,-0.2800035918733284,-1.1149093864851007,0
category_5,object_category_13,0.48471201103691647,2.141969455214072,1
category_6,object_category_9,-1.9992718131660088,-0.2566208369513326,0
nan,object_category_5,0.058185375705376935,0.2537212318753194,1
nan,object_category_4,-0.9387381410357236,0.7546794633632482,0
nan,object_category_14,-0.4735351591839131,0.23838499870738977,0
category_1,object_category_1,-0.8520366586716306,1.059067491200832,1
nan,object_category_11,1.442363243613681,1.2303890895229581,0
category_0,object_category_0,-1.5006573237861232,-0.27888097825374325,1
nan,object_category_13,-0.20721977971935387,0.9875803288547965,1
nan,object_category_6,0.6362987368721846,-0.3945531084688557,1
nan,object_category_8,0.7108364109558126,-0.38025950864544356,1
category_14,object_category_4,1.039774837757084,0.07476599232563656,0
nan,object_category_8,-1.9413083222558853,-0.020949975414665922,1
nan,object_category_2,0.9552374593284821,-0.028151246821492875,1
nan,object_category_4,1.0338116129378514,0.617079382620659,1
nan,object_category_5,1.5619817198577464,-0.002134213582808176,1
nan,object_category_12,-1.0976346374577302,1.4359946036244293,1
nan,object_category_9,0.5744272367268611,-0.01499549644779623,0
nan,object_category_10,-0.48954844591497254,-0.6608390293508366,0
nan,object_category_5,-2.0620081253097386,-0.9509150889189096,1
nan,object_category_12,0.006591041731953915,0.6538765704047693,0
nan,object_category_2,-0.33900235105040516,1.4560138849089388,0
category_1,object_category_12,-0.7166426467673361,-1.131078288419367,0
category_14,object_category_11,-1.1315969937866062,-2.0186139390483206,1
category_0,object_category_1,-0.11276353902923446,0.5216111365454252,1
category_4,object_category_8,-0.587052659797313,-1.6775141370977122,1
category_10,object_category_10,0.1697085724369009,1.2302431455764324,0
nan,object_category_8,-2.333900639185161,0.4427533644263782,0
nan,object_category_6,0.3406500838024992,-0.04146039166885927,1
category_6,object_category_6,-0.6728156887691991,0.5106641379900402,1
